Rank	Module genes	Cancer type	p	FDR
1	NAV2, GPR3, ASB4, SOX10, DUSP4, MITF	Skin	5.85E-17	5.44E-14
2	CRTC3, ZEB2, CRTC2, BRAF, SOX10, TFAP2A, DUSP4, MITF	Skin	7.80E-17	5.44E-14
3	BRAF, SOX10, TXN, MAP2K1, MAPK1, DUSP4, MITF, PEA15, SOX9	Skin	8.77E-17	5.44E-14
4	BRAF, SOX10, MAP2K1, MAPK1, ELAVL1, DUSP4, MITF, PEA15, SOX9	Skin	8.77E-17	5.44E-14
5	HAND2, PBX2, PHOX2B, HDAC2, SOX11, GATA2, TFAP2B, ISL1, INSM2, MEIS2	Autonomic ganglia	9.69E-17	8.46E-14
6	HAND2, CCDC74A, PBX1, RNF2, KANK4	Autonomic ganglia	9.75E-17	8.46E-14
7	TFAP2B, ACTL6A, EHBP1, ISL1, GSE1, LDB1, PRKCSH	Autonomic ganglia	1.36E-16	8.46E-14
8	PBX2, GATA2, TFAP2B, ISL1, MEIS2, IGF2BP1, SPRED2	Autonomic ganglia	1.36E-16	8.46E-14
9	SPI1, GFI1, WSB1, MEF2D, MYB, SLC5A3, IKZF1, IRF8, CCND3, IRF2BP2	Haematopoietic and lymphoid tissue	2.48E-12	3.70E-09
10	PTPN1, SBNO2, BATF3, JUNB, MYB, RORC, IKZF1, STAT3, IRF4, PTPN2, SP110, SOS1	Haematopoietic and lymphoid tissue	2.98E-12	3.70E-09
11	RAF1, NRAS, NF1, PRKAR1A, MAPK1, SHOC2, KRAS	Pancreas	3.60E-12	2.04E-09
12	RAF1, NRAS, RCE1, PRKAR1A, SHOC2, KRAS, GRB2	Pancreas	3.60E-12	2.04E-09
13	RAF1, MAPK7, MAP2K5, TRAF7, MAP3K2, SHOC2, KRAS	Pancreas	3.60E-12	2.04E-09
14	RAF1, NRAS, NF1, MAPK1, SHOC2, KRAS, PTPN11, SOS1	Pancreas	4.11E-12	2.04E-09
15	RAF1, NRAS, RCE1, GOLGA7, SHOC2, KRAS, GRB2, PTPN11	Pancreas	4.11E-12	2.04E-09
16	AEBP2, IAPP, ITPR2, PPFIBP1, SLCO1A2, SLCO1C1, TSPAN11, IPO8, ABCC9, PLCZ1, PTHLH, C12orf77, C2CD5, GYS2, KCNJ8, KLHL42, MANSC4, METTL20, RASSF8, SLCO1B3, SOX5, SPX, BCAT1, TMTC1, STK38L, AMN1, REP15, BICD1, KIAA1551, PKP2, FAM60A, LMNTD1, CAPRIN2, ERGIC2, FAR2, TM7SF3, ARNTL2, SYT10, SSPN, ALG10, C12orf71, H3F3C, LRMP, BHLHE41, CASC1, KRAS	Pancreas	2.37E-11	9.78E-09
17	HNF1A, UBAC1, PCBD1, BMPR1A, HNF4A, HNF1B, TMEM245	Liver	4.20E-10	1.04E-06
18	TRIB1, STK40, DET1, RFWD2, DUSP4	Skin	6.27E-10	3.11E-07
19	SLC1A5, QARS, NXT1, CTNNB1	Large intestine	6.99E-10	1.15E-06
20	ETV6, UBE2V1, TRIM8, THAP3	Bone	8.50E-10	1.05E-06
21	TRIB1, STK40, DUSP5, DET1, RFWD2, DUSP4, PEA15	Skin	8.74E-10	3.61E-07
22	ETV6, ABCC4, PRR4, TRIM8, THAP3	Bone	1.06E-09	1.05E-06
23	FERMT1, TCF7L2, GATA6, RAB10, UBE2Z, CTNNB1, TTC7A	Large intestine	1.22E-09	1.15E-06
24	ETV6, UBE2J2, TRIM8, MCL1, RER1, THAP3	Bone	1.27E-09	1.05E-06
25	TCF7L2, DENND4C, RABIF, GATA6, RAB10, UBE2Z, CTNNB1, EXOC8	Large intestine	1.40E-09	1.15E-06
26	ABL1, DUSP6, SH3GL2, MAPK1	Thyroid	3.44E-09	8.54E-06
27	ZNF354A, CAMKMT, PHOX2A, MYC	Autonomic ganglia	6.57E-09	3.26E-06
28	MYCN, PDK1, PHOX2A, MYOD1, MYC	Autonomic ganglia	8.22E-09	3.40E-06
29	CEP41, ATP6V0A4, PODXL, AGBL3, KLF14, BRAF, KLHDC10, MKRN1, RAB19	Skin	1.29E-08	4.59E-06
30	CDK6, CCNE1, KIDINS220, CKS1B, PAX8, MECOM, CDK2, XPR1	Kidney	1.65E-08	3.68E-05
31	ATP6V0A4, TRPV5, ARHGEF5, ZNF862, FAM115C, EPHB6, AGBL3, OR9A2, ARHGEF35, BRAF, CTAGE4, PRSS1, RAB19, TAS2R60	Skin	2.01E-08	6.24E-06
32	TLX2, MAB21L1, FNDC4, DHX57, ZNF512, C2orf16, IFT172, LBH, ALK, RBKS, CCDC121, GCKR, HS1BP3, PHOX2A, SLC4A1AP	Autonomic ganglia	2.47E-08	8.74E-06
33	ARHGAP29, INADL, CRB3, PARD6B, TP53BP2, CTNNA1, MLLT4, PARD3, CDC42, HNF1B, CTNND1, PAX8, PRKCI, TJP1, F11R, MPP5	Kidney	2.97E-08	3.68E-05
34	TRPS1, LMX1B, ESR1, SPDEF, GATA3, FOXA1	Breast	3.78E-08	9.38E-05
35	RAD52, HEBP1, USP17L28, HNF1B	Kidney	7.40E-08	6.12E-05
36	PLXNA2, PARVG, GATA3, OR4N2	Autonomic ganglia	9.25E-08	2.87E-05
37	C4orf33, UNC5C, SLC35E2B, PEA15	Skin	1.03E-07	2.85E-05
38	SIX1, EYA4, RPN1, MYOD1	Soft tissue	1.11E-07	1.14E-04
39	SIX1, SUN1, FGF11, MYOD1	Soft tissue	1.11E-07	1.14E-04
40	FEM1B, PREX1, NCOA3, TRPC4AP, PEA15	Skin	1.29E-07	3.21E-05
41	HNF1A, UBAC1, PCBD1, BMPR1A, HNF4A, HNF1B, TMEM245	Kidney	1.29E-07	8.03E-05
42	MYCN, PDK1, PHOX2A, MYOD1, MYC	Soft tissue	1.38E-07	1.14E-04
43	TRPS1, LMX1B, ESR1, SPDEF, GATA3, FOXA1	Autonomic ganglia	1.39E-07	3.82E-05
44	NYAP2, ITGA11, TRPS1, COX5A	Breast	1.60E-07	1.99E-04
45	ARHGAP29, PARD6B, TP53BP2, CDH2, CTNNA1, MLLT4, PARD3, CDC42, CDH1, HNF1B, CTNND1, PRKCI, TJP1, F11R	Kidney	2.59E-07	1.28E-04
46	AP2M1, EIF4G1, ACTL6A, LSG1, NMD3, POLR2H, RFC4, EIF4A1	Autonomic ganglia	3.08E-07	7.35E-05
47	ACTL6A, ATR, LSG1, NMD3, POLR2H, RFC4, ECT2, SMC4, PDCD6	Autonomic ganglia	3.47E-07	7.35E-05
48	NCBP2, EIF2B5, ACTL6A, ATR, LSG1, NMD3, POLR2H, RFC4, ECT2, SMC4	Autonomic ganglia	3.85E-07	7.35E-05
49	TFAP2B, IMMT, MINOS1, C19orf70, SNAP23	Autonomic ganglia	4.15E-07	7.35E-05
50	EFCAB3, LIMD2, STRADB, TFAP2B, FGFR4	Autonomic ganglia	4.15E-07	7.35E-05
51	TOP1MT, TAS2R5, CCDC136, SOX4	Urinary tract	4.40E-07	3.41E-04
52	NUP210, TMEM40, FANCD2OS, PPARG, MKRN2, TRIM77	Urinary tract	5.34E-07	3.41E-04
53	ZNHIT1, H2AFZ, ACTR6, KANSL1, ING3, VPS72, ACTL6A, DMAP1, SRCAP, YEATS4, KANSL2, KANSL3, KDM2A, BRD2	Autonomic ganglia	5.39E-07	8.92E-05
54	NEDD4L, GMPR, C2orf43, SOX4, CENPQ	Urinary tract	5.48E-07	3.41E-04
55	SP3, FBXO22, NFE2L2, SOX4, TGIF1	Urinary tract	5.50E-07	3.41E-04
56	CPSF6, LRRC10, SLC35E3, B4GALT1, BEST3, RAB3IP, FGF8, FAM3C, YEATS4, LYZ, MYCN, RUNX2, MYOG, CPM, PTPRG, SOX8, RAP1B, MEGF10, ST3GAL4, FAM49A, PAX3, NUP107, FRS2, DDX1, MYOD1, ZBTB18	Soft tissue	7.19E-07	4.46E-04
57	ALDH5A1, NRSN1, E2F3, HDGFL1, PRL, CDKAL1, SOX4	Urinary tract	7.70E-07	3.82E-04
58	KAAG1, ALDH5A1, MBOAT1, NRSN1, E2F3, PRL, DCDC2, CDKAL1, SOX4	Urinary tract	9.90E-07	4.09E-04
59	SPI1, GFI1, MEF2D, ZEB2, GNG5, FLI1, IRF2BP2	Skin	1.03E-06	2.33E-04
60	CDK6, CCNE1, KIDINS220, CKS1B, PAX8, MECOM, CDK2, XPR1	Ovary	1.26E-06	3.13E-03
61	AEBP2, IAPP, ITPR2, PPFIBP1, SLCO1A2, SLCO1C1, TSPAN11, IPO8, ABCC9, PLCZ1, PTHLH, C12orf77, C2CD5, GYS2, KCNJ8, KLHL42, MANSC4, METTL20, RASSF8, SLCO1B3, SOX5, SPX, BCAT1, TMTC1, STK38L, AMN1, REP15, BICD1, KIAA1551, PKP2, FAM60A, LMNTD1, CAPRIN2, ERGIC2, FAR2, TM7SF3, ARNTL2, SYT10, SSPN, ALG10, C12orf71, H3F3C, LRMP, BHLHE41, CASC1, KRAS	Thyroid	1.73E-06	2.14E-03
62	NYAP2, ITGA11, TRPS1, COX5A	Large intestine	2.23E-06	1.07E-03
63	NCKAP1, RAC1, CRK, ILK, DOCK5, PXN, CRKL, BCAR1, ELMO2, LIMS1, PTPN12, ITGB5, RHOG, RAPGEF1, FERMT2, ITGAV, PTK2, TLN1	Pancreas	2.43E-06	8.60E-04
64	ARHGAP29, INADL, CRB3, PARD6B, TP53BP2, CTNNA1, MLLT4, PARD3, CDC42, HNF1B, CTNND1, PAX8, PRKCI, TJP1, F11R, MPP5	Ovary	2.53E-06	3.14E-03
65	ARHGEF7, PARVA, ITGB1, NCKAP1, RAC1, RSU1, ILK, DOCK5, VCL, PXN, CRKL, BCAR1, ELMO2, LIMS1, ITGB5, RAPH1, RAPGEF1, FERMT2, ITGAV, PTK2, TLN1	Pancreas	2.83E-06	8.78E-04
66	TRPS1, LMX1B, ESR1, SPDEF, GATA3, FOXA1	Large intestine	3.34E-06	1.07E-03
67	CAB39, TSC22D2, NRBP1, SMARCA2, WNK1	Lung	3.76E-06	3.73E-03
68	RAF1, MAPK7, MAP2K5, TRAF7, MAP3K2, SHOC2, KRAS	Large intestine	3.77E-06	1.07E-03
69	RAF1, NRAS, NF1, PRKAR1A, MAPK1, SHOC2, KRAS	Large intestine	3.77E-06	1.07E-03
70	RAF1, NRAS, RCE1, PRKAR1A, SHOC2, KRAS, GRB2	Large intestine	3.77E-06	1.07E-03
71	RAF1, NRAS, RCE1, GOLGA7, SHOC2, KRAS, GRB2, PTPN11	Large intestine	4.31E-06	1.07E-03
72	RAF1, NRAS, NF1, MAPK1, SHOC2, KRAS, PTPN11, SOS1	Large intestine	4.31E-06	1.07E-03
73	SMARCD1, SMARCA4, GLTSCR1, BRD9, SMARCB1, SMARCA2	Lung	4.51E-06	3.73E-03
74	SMARCD1, SMARCA4, GLTSCR1L, GLTSCR1, BRD9, SMARCA2	Lung	4.51E-06	3.73E-03
75	ADNP, SALL4, FAM209B, GNAS, TFAP2C, CASS4, ATP9A, C20orf197, SYCP2, APCDD1L, BMP7, NPEPL1, FAM209A, PMEPA1, PHACTR3, CTCFL, CYP24A1, FAM65C, MTRNR2L3, ZBP1, PCK1, PPP1R3D, TSHZ2, SULF2, ZFP64, NFATC2, BCAS4, CTSZ, KCNB1, ZNF831, RBM38, VAPB, CBLN4, FAM217B, TUBB1, RAB22A, BCAS1, STX16, MC3R	Skin	5.95E-06	1.23E-03
76	IER5L, DPF2, SS18, ARID1A, SMARCC1, SMARCE1, SMARCA4, ARID1B, SMARCB1, SMARCA2	Lung	7.51E-06	4.66E-03
77	NUP155, ZNF622, TARS, WDR70, DROSHA, SUB1, MRPS30, BRIX1, CCT5, EXOC3, ICE1, ZFR, MED10	Bone	1.40E-05	8.70E-03
78	ZNF205, ARHGAP11A, ARHGAP11B, OR5J2, MELK	Kidney	2.14E-05	8.84E-03
79	AEBP2, IAPP, ITPR2, PPFIBP1, SLCO1A2, SLCO1C1, TSPAN11, IPO8, ABCC9, PLCZ1, PTHLH, C12orf77, C2CD5, GYS2, KCNJ8, KLHL42, MANSC4, METTL20, RASSF8, SLCO1B3, SOX5, SPX, BCAT1, TMTC1, STK38L, AMN1, REP15, BICD1, KIAA1551, PKP2, FAM60A, LMNTD1, CAPRIN2, ERGIC2, FAR2, TM7SF3, ARNTL2, SYT10, SSPN, ALG10, C12orf71, H3F3C, LRMP, BHLHE41, CASC1, KRAS	Large intestine	2.48E-05	5.59E-03
80	LRFN5, LCA5, CHD9, CDH11, THRAP3	Bone	2.53E-05	1.25E-02
81	FURIN, ATP2C1, GAB1, MET, EGFR, CPD, GRB2, PTPN11, SOS1	Upper aerodigestive tract	2.58E-05	3.21E-02
82	RAF1, NRAS, NF1, GAB1, EGFR, SHOC2, GRB2, PTPN11, SOS1	Upper aerodigestive tract	2.58E-05	3.21E-02
83	TM9SF3, TRIP11, TMED10, TRAPPC13, SURF4, SLC39A9, SYVN1, SEC23IP, MON2, SAR1A, RAB1A, RPP25L	Kidney	2.66E-05	8.98E-03
84	TRAPPC11, TM9SF3, TRAPPC12, TRIP11, TRAPPC13, SURF4, SEC23IP, GOSR2, RAB1B, SEC31A, SAR1A, RAB18, TRAPPC2L, RAB1A	Kidney	3.10E-05	8.98E-03
85	TRAPPC12, SEC23B, TRAPPC13, SEC24A, SURF4, SEC23IP, GOSR2, SEC31A, SAR1A, CNIH1, TRAPPC2L, RAB1A	Kidney	3.34E-05	8.98E-03
86	TRAPPC11, TRAPPC12, SEC23B, TRAPPC13, SEC23IP, GOSR2, RAB1B, SEC31A, SAR1A, SCFD1, RAB18, TRAPPC2L, RAB1A	Kidney	3.62E-05	8.98E-03
87	C11orf70, CLMP, GJC1, MAML2, TJP1, SH3RF2	Ovary	4.67E-05	3.87E-02
88	CUL2, TCEB1, EGLN1, VHL, TCEB2	Kidney	5.15E-05	1.16E-02
89	KIAA0232, BTBD1, FAM228A, WFS1, PLA2G2D	Liver	5.18E-05	6.43E-02
90	DYNC1LI1, PPP1R7, UBE2S, PPP1CA, PPP1CC	Endometrium	6.71E-05	1.21E-01
91	OR5M10, OR2AG1, C11orf40, MUC15	Lung	6.72E-05	2.32E-02
92	OR8K1, PNPLA6, OR2AG1, SOX6	Lung	6.73E-05	2.32E-02
93	OR2AG1, SOX6, OR5B12, KIRREL3	Lung	6.74E-05	2.32E-02
94	HIF1AN, HIF1A, ARNT, CUL2, EGLN1, VHL, TCEB2	Kidney	7.21E-05	1.49E-02
95	FAM217A, FOXF2, C6orf195, C6orf201	Central nervous system	7.21E-05	1.79E-01
96	RAET1G, TMEM181, CCDC78, EAF1	Urinary tract	8.13E-05	2.80E-02
97	OPCML, PKNOX2, TIRAP, OR2AG1, SIAE	Lung	8.40E-05	2.32E-02
98	PKNOX2, TIRAP, OR2AG1, SIAE, NRSN2	Lung	8.40E-05	2.32E-02
99	PRPF39, ANAPC13, ANAPC15, FZR1, UBE2S, TRNAU1AP, UBE2C, CCNF	Endometrium	9.79E-05	1.21E-01
100	PLAUR, RAET1G, PPP1R13L, PAK4, ECH1	Urinary tract	1.01E-04	2.80E-02
101	FKBP15, RAET1G, SERPINB13, KIAA1958, CDC37L1	Urinary tract	1.02E-04	2.80E-02
102	KCNJ1, FAM118B, SCN3B, PATE4, OR8D2, FLI1	Bone	1.03E-04	3.14E-02
103	IL2, FGG, CACNB2, OR5B12	Pleura	1.15E-04	2.63E-01
104	SPI1, GFI1, MEF2D, ZEB2, GNG5, FLI1, IRF2BP2	Bone	1.22E-04	3.14E-02
105	KCNJ1, PATE3, FAM118B, OR6X1, FEZ1, FLI1, OR8B4	Bone	1.22E-04	3.14E-02
106	TCP10L2, ULBP3, RAET1G, RAET1L, ULBP2, EPM2A	Urinary tract	1.22E-04	3.03E-02
107	CDK6, INVS, ALDOB, CDKN2A	Autonomic ganglia	1.35E-04	2.09E-02
108	OR10S1, OR10G9, DSCAML1, FEZ1, CCDC15, OR8D2, HEPACAM, FLI1	Bone	1.39E-04	3.14E-02
109	OR10S1, KCNJ1, DSCAML1, KCNJ5, FEZ1, ARHGAP32, OR8D2, FLI1	Bone	1.39E-04	3.14E-02
110	FXYD6, KCNJ1, DSCAML1, KCNJ5, FEZ1, ARHGAP32, USP2, FLI1	Bone	1.39E-04	3.14E-02
111	FAM171A2, URB1, LHX8, MRTO4	Breast	1.39E-04	1.15E-01
112	CDK6, CCNE1, KIDINS220, CKS1B, PAX8, MECOM, CDK2, XPR1	Endometrium	1.51E-04	1.25E-01
113	POLR1B, ZNRD1, PWP1, RPF2, MAK16, POLR1A, MRTO4, TOP1, TCOF1, POLR1E	Thyroid	1.52E-04	1.24E-01
114	DDIT3, INHBC, STAT6, GLI1, AGAP2, RASSF3, INHBE, PPP1R1A, OR6C4, HOXC6, SLC26A10, CYP27B1, CSAD, NXPH4, NDUFA4L2, ZBTB39, NAB2, MYO1A, R3HDM2, HMGA2, STAC3, TMEM5, CALCOCO1, XRCC6BP1, ZNF385A, ARHGAP9, IKZF4, MSRB3, DTX3, AVPR1A, KIF5A, METTL21B, ARHGEF25, NFE2, B4GALNT1, AVIL, CTDSP2, MARCH9, OS9, PIP4K2C, TBC1D30, TSFM, TSPAN31	Bone	1.53E-04	3.17E-02
115	TBR1, ZC2HC1C, SMOC2, NEUROG1, OTX2	Central nervous system	1.61E-04	2.00E-01
116	EDF1, PHLDA2, ERBB2, ERBB3, CAPRIN1	Upper aerodigestive tract	1.66E-04	1.19E-01
117	OR10S1, KCNJ1, ADAMTS15, DSCAML1, OR6X1, PANX3, ADAMTS8, MSANTD2, FEZ1, FLI1	Bone	1.74E-04	3.32E-02
118	ERP44, ATRN, MGRN1, AHCYL1	Liver	1.74E-04	8.63E-02
119	MAML3, ACP1, PALLD, AHCYL1	Liver	1.74E-04	8.63E-02
120	MAML3, PTPRT, AHCYL1, DCUN1D1	Liver	1.74E-04	8.63E-02
121	ANGPTL5, KDM4D, DYNC2H1, MMP10, MMP13, C11orf70, FAM76B, MMP7, MMP8, TMEM133, KIAA1377, PGR, FUT4, NAALAD2, MMP20, MMP3, MMP1, CLMP, DCUN1D5, GJC1, MMP27, MAML2, CNTN5	Ovary	1.76E-04	9.13E-02
122	ANGPTL5, KDM4D, DYNC2H1, MMP10, MMP13, C11orf70, FAM76B, MMP7, TYR, MMP8, TMEM133, KIAA1377, PGR, FUT4, NAALAD2, MMP20, MMP3, MMP1, MTMR2, DCUN1D5, MMP27, CCDC89, MAML2, CNTN5	Ovary	1.84E-04	9.13E-02
123	FLII, DIAPH1, CAPZB, SRF, PFN1	Pancreas	1.86E-04	5.12E-02
124	C3orf58, NEDD4L, PUS7, DENND4B, DDX19A, FAM207A	Urinary tract	1.96E-04	4.42E-02
125	CDK6, CCND1, CDKN2A, CCND3, CCND2, MSI2	Autonomic ganglia	1.99E-04	2.63E-02
126	CDK6, CCND1, CDK4, AMBRA1, CCND3, CCND2	Autonomic ganglia	2.01E-04	2.63E-02
127	CDK6, CCND1, CDK4, CCND3, CCND2, CDK2	Autonomic ganglia	2.01E-04	2.63E-02
128	UEVLD, C11orf58, IST1, HBB, PDCD6IP	Haematopoietic and lymphoid tissue	2.02E-04	1.45E-01
129	EDF1, GIGYF2, EIF4E2, CNOT1, RPRD2, RPRD1B	Upper aerodigestive tract	2.06E-04	1.19E-01
130	PINX1, RPF2, MRTO4, RRS1, HSPA14, GNL2	Breast	2.08E-04	1.29E-01
131	HPR, C5orf60, PXDN, OR5M11	Large intestine	2.14E-04	4.43E-02
132	MCCC1, LAMP3, GMDS, AHCYL1, DCUN1D1	Liver	2.17E-04	8.99E-02
133	HAND2, CCDC74A, PBX1, RNF2, KANK4	Skin	2.25E-04	3.91E-02
134	ASNA1, COG8, TM9SF3, GET4, TRIP11, TMED10, COG2, TRAPPC13, UNC50, COG3, COG6, PTAR1, COG1, PI4KB, VPS54, COG7, COL4A3BP, COG4, COG5, WRB, SLC10A7, RAB1A	Kidney	2.35E-04	4.48E-02
135	MAK, GCM2, NEDD9, SYCP2L, EDN1, SMIM13, TMEM170B, ELOVL2, GCNT2, RNF182, EEF1E1, TFAP2A	Skin	2.39E-04	3.91E-02
136	MAK, KDM1B, GCM2, NEDD9, SYCP2L, ID4, TMEM170B, ELOVL2, GCNT2, RNF182, HIST1H1A, TFAP2A	Skin	2.39E-04	3.91E-02
137	EDF1, GIGYF2, EIF4E2, CNOT1, CAPRIN1, GGNBP2, CNOT11	Upper aerodigestive tract	2.40E-04	1.19E-01
138	TMOD3, FLII, XPO6, DIAPH3, DIAPH1, SRF, PFN1	Pancreas	2.44E-04	6.05E-02
139	SEPHS1, LDB1, QRICH1, LMO4, LHX1	Autonomic ganglia	2.53E-04	3.14E-02
140	TBC1D7, BLOC1S5, CD83, GCM2, NEDD9, SYCP2L, EDN1, TMEM170B, NQO2, DTNBP1, GCNT2, RNF182, TFAP2A	Skin	2.59E-04	3.91E-02
141	HADHB, SPATA45, PRC1, KIF23	Skin	2.68E-04	3.91E-02
142	OR6N2, PRR4, WFDC1, EXOSC7	Urinary tract	2.71E-04	5.61E-02
143	SH2B3, UBE3B, TMEM116, MYL2, TMEM233, SELPLG, PPP1CC	Thyroid	2.72E-04	1.24E-01
144	CDK6, CCNE1, KIDINS220, CKS1B, PAX8, MECOM, CDK2, XPR1	Autonomic ganglia	2.72E-04	3.21E-02
145	NAV2, GPR3, ASB4, SOX10, DUSP4, MITF	Haematopoietic and lymphoid tissue	2.74E-04	1.45E-01
146	MYL6, TMOD3, FLII, DIAPH3, DIAPH1, LRRFIP2, SRF, PFN1	Pancreas	2.78E-04	6.27E-02
147	PWP2, GTPBP4, URB1, MRTO4, EXOSC10, NOC4L, NOL6, RRP1	Breast	2.78E-04	1.35E-01
148	FAM160A2, MAPK4, PARVG, ZNF385B	Pleura	2.89E-04	2.63E-01
149	RALA, PPIA, UBR5, DMTF1	Thyroid	2.93E-04	1.24E-01
150	FAM13B, MAPKAPK5, IDH3A, SLC25A3, SLC4A7, AHCYL1, MAPK6	Liver	3.02E-04	1.07E-01
151	CDK6, CCND1, E2F3, CCNE1, CDK4, UBE2Q1, CKS1B, CDK2, SKP2	Autonomic ganglia	3.04E-04	3.28E-02
152	CDK6, CCND1, E2F3, CCNE1, FZR1, UBE2Q1, CKS1B, CDK2, SKP2	Autonomic ganglia	3.04E-04	3.28E-02
153	ARHGAP29, INADL, CRB3, PARD6B, TP53BP2, CTNNA1, MLLT4, PARD3, CDC42, HNF1B, CTNND1, PAX8, PRKCI, TJP1, F11R, MPP5	Endometrium	3.04E-04	1.89E-01
154	WHSC1, TMEM155, MGST2, NEDD4, CCDC121	Urinary tract	3.18E-04	6.06E-02
155	ZNF506, ZNF557, MALT1, NR5A2, KLB, ZNF317	Kidney	3.28E-04	5.82E-02
156	POLR1B, ZNRD1, PWP1, RPF2, MAK16, POLR1A, MRTO4, TOP1, TCOF1, POLR1E	Breast	3.49E-04	1.35E-01
157	TAF1L, ALDH1B1, GALT, BAG1, TPM2, OR13J1, DNAJB5, C9orf131, MPDZ, PIGO, SHB, SPAG8, GNE, GLIPR2, MSMP, ANKRD18A, NPR2, ARHGEF39, HINT2, RUSC2, ZBTB5, B4GALT1, DDX58, AQP7, TOMM5, TMEM215, CREB3, FAM219A, CCL21, CNTFR, DNAI1, FRMPD1, IFNA21, IFNK, IFNW1, RNF38, GRHPR, RECK, ACO1, CCDC107, CCIN, CCL19, CNTNAP3B, FAM166B, FAM205A, FAM221B, GBA2, HRCT1, IGFBPL1, KIF24, LRRC19, NFX1, TMEM8B, UNC13B, KIAA1045, UBAP2, DNAJA1, FAM214B, CNTNAP3, PRSS3, SIT1, CA9, ENHO, CD72, TRMT10B, IFNA7, IFNA4, SIGMAR1, FBXO10, TEK, STOML2, DCAF10, TESK1, SPINK4, ARID3C, PAX5, IL11RA, APTX, C9orf24, MELK, OR2S2, RCL1, CCL27, NUDT2, SPATA31A7	Kidney	3.62E-04	5.98E-02
158	CRTC3, ZEB2, CRTC2, BRAF, SOX10, TFAP2A, DUSP4, MITF	Haematopoietic and lymphoid tissue	3.65E-04	1.45E-01
159	DNLZ, DNAJA3, ANKRD49, LONP1	Central nervous system	3.66E-04	2.06E-01
160	KCNC1, MRGPRX1, NCR3LG1, CALCB, MRGPRX3, SAA2, TPH1	Stomach	3.80E-04	3.28E-01
161	PLXNA2, PARVG, GATA3, OR4N2	Breast	3.81E-04	1.35E-01
162	TM9SF3, TRIP11, TMED10, TRAPPC13, SURF4, SLC39A9, SYVN1, SEC23IP, MON2, SAR1A, RAB1A, RPP25L	Central nervous system	3.87E-04	2.06E-01
163	PIAS1, ZMIZ1, LDB1, BCL9L, DNAJB6, ASH1L, BRPF1, PYGO2	Autonomic ganglia	4.05E-04	4.19E-02
164	MIS12, ELAC2, ECT2, PRC1, AURKB, TOP3A	Skin	4.07E-04	5.61E-02
165	BRAF, SOX10, TXN, MAP2K1, MAPK1, DUSP4, MITF, PEA15, SOX9	Haematopoietic and lymphoid tissue	4.10E-04	1.45E-01
166	BRAF, SOX10, MAP2K1, MAPK1, ELAVL1, DUSP4, MITF, PEA15, SOX9	Haematopoietic and lymphoid tissue	4.10E-04	1.45E-01
167	POP4, RPP14, RPP40, RPP21, RPP38, POP1, SSB, C3orf17, AK6, POP5, POP7, RPP30, RPP25L	Central nervous system	4.15E-04	2.06E-01
168	SOX11, MYF5, RRAS2, PIK3CD, G3BP1, PAX7	Soft tissue	4.21E-04	1.85E-01
169	FAM109A, SH2B3, TMEM233, DEPDC4, ACACB, ALDH1L2, C12orf42, DRAM1, SLC5A8, SYCP3, SPIC	Thyroid	4.21E-04	1.24E-01
170	MAML3, PTPRT, AHCYL1, DCUN1D1	Pleura	4.24E-04	2.63E-01
171	PAFAH1B3, JAZF1, RNF14, PPP1R9A, CBX1, DMTF1	Thyroid	4.39E-04	1.24E-01
172	APOBEC3H, CACNA2D3, PISD, EFCAB14	Pleura	4.43E-04	2.63E-01
173	LRRC36, RANBP10, RRAD, KIAA0895L, HSD11B2, CES5A, DPEP2, FBXL8, TSNAXIP1, WWP2, NRN1L, CA7, MT4, E2F4, MLKL, B3GNT9, ADAT1, ABCC12, AGRP, CCDC135, CDH16, CETP, CKLF, CPNE2, GLG1, GPR114, NLRC5, PDP2, PLLP, TEPP, TK2, C16orf70, CES1, CES3, CES4A, CLEC18C, CMTM1, GPR56, GPR97, LDHD, MTSS1L, PLEKHG4, PSMB10, TMED6, ZDHHC1, ZNF19, ZNF319, CALB2, CMTM2, CTRB1, CTRB2, CCDC113, CHST6, EXOC3L1, IL34, CCDC102A, FA2H, RLTPR, ZNF23, CES2, PARD6A, FHOD1, SLC12A4, CHST4, PHLPP2, DUS2, LCAT, HSF4, MMP15, ST3GAL2, CHST5, CDH5, SLC9A5, BEAN1, CLEC18B, DPEP3, ENKD1, LRRC29, PDPR, TERF2IP, GFOD2, TRADD, PLA2G15, PDF, C16orf86, CDH11, SMPD3, TPPP3	Bone	4.45E-04	7.88E-02
174	HAND2, PBX2, PHOX2B, HDAC2, SOX11, GATA2, TFAP2B, ISL1, INSM2, MEIS2	Skin	4.49E-04	5.86E-02
175	FERMT1, TCF7L2, GATA6, RAB10, UBE2Z, CTNNB1, TTC7A	Stomach	4.61E-04	3.28E-01
176	ECT2, PRC1, AURKB, INCENP, BIRC5, CDCA8, KIF23	Skin	4.75E-04	5.89E-02
177	GRTP1, SATB2, IRS2, CDX2, DACH1	Large intestine	5.01E-04	8.95E-02
178	RNF112, WIF1, IFRD2, MTF1	Ovary	5.10E-04	2.11E-01
179	DNASE2, ZNF69, OR7C1, KLF1, ZNF625, MAN2B1, RTBDN, TMEM38A, WDR83OS, FBXW9, LPPR2, LYL1, ZNF878, TMEM205, ASF1B, BEST2, C19orf80, CLEC17A, CNN1, ELAVL3, RAB3D, RAD23A, ZNF441, CALR, DAND5, MAST1, KANK2, ZNF333, OR7C2, STX10, PRDX2, GCDH, ZNF564, HOOK2, ZNF709, ZNF490, ZNF433, TNPO2, CYP4F12, SYCE2, ZNF136	Thyroid	5.11E-04	1.24E-01
180	CDH2, GTPBP1, GTPBP2, C7orf25, GEN1	Stomach	5.12E-04	3.28E-01
181	HAP1, PNMT, TCAP, RDM1, ARL5C, GSDMB, ERBB2, NEUROD2, SYNRG, GPR179, KLHL11, PGAP3, PLXDC1, PPP1R1B, CSF3, PCGF2, MLLT6, CISD3, DUSP14, LASP1, C17orf96, GAS2L2, LRRC3C, ZPBP2, CACNB1, FBXO47, C17orf78, IKZF3, JUP	Large intestine	5.23E-04	8.95E-02
182	DNASE2, ZNF69, KLF1, ZNF625, MAN2B1, RTBDN, ZNF439, WDR83OS, FBXW9, PCP2, TRMT1, LPPR2, LYL1, ZNF878, TMEM205, BEST2, C19orf80, CNN1, ELAVL3, RAB3D, RAD23A, ZNF441, CALR, DAND5, RFX1, MAST1, OR7C2, STX10, PRDX2, ZNF564, ZNF709, ZNF490, ZNF433, TNPO2, IER2, ZSWIM4, SYCE2, ZNF136	Thyroid	5.25E-04	1.24E-01
183	TCF7L2, DENND4C, RABIF, GATA6, RAB10, UBE2Z, CTNNB1, EXOC8	Stomach	5.29E-04	3.28E-01
184	MCCC1, LAMP3, GMDS, AHCYL1, DCUN1D1	Pleura	5.30E-04	2.63E-01
185	SLC1A5, QARS, NXT1, CTNNB1	Pancreas	5.34E-04	1.10E-01
186	NAT10, CSTF3, GTF2H1, ELP4, EIF3M	Upper aerodigestive tract	5.40E-04	2.09E-01
187	HP, HPR, MXD1, PRRC2B, HSD17B7, PDZK1, FAM231A, FCGR1B, PPIAL4D, CEP350	Large intestine	5.41E-04	8.95E-02
188	DNLZ, GFER, DNAJA3, LETM1, PMPCA, LONP1	Central nervous system	5.48E-04	2.27E-01
189	CAP1, ACTB, WDR1, CFL1, CAPZB	Haematopoietic and lymphoid tissue	5.49E-04	1.70E-01
190	GRPEL2, SATB1, RPS19BP1, OR6Q1	Thyroid	5.61E-04	1.24E-01
191	SPDL1, DCTN5, DCTN2, ACTR10, DCTN4, VEZT, DCTN6	Soft tissue	5.72E-04	1.85E-01
192	CARD11, LFNG, AP5Z1, MMD2, GRID2IP, RNF216, AMZ1, ANKRD61, CYP2W1, CYTH3, DAGLB, IQCE, MICALL2, PDGFA, PRKAR1B, TMEM184A, TTYH3, WIPI2, GPR146, OCM, RSPH10B2, ZDHHC4, ADAP1, KDELR2, ELFN1, FBXL18, FAM220A, GPER1, RADIL, SLC29A4, RBAK, SNX8	Thyroid	5.74E-04	1.24E-01
193	HAP1, KLHL10, FKBP10, PLEKHH3, PIP4K2B, RDM1, ARL5C, GSDMB, DHRS11, SYNRG, GPR179, KLHL11, PGAP3, PLXDC1, PPP1R1B, CSF3, PCGF2, MLLT6, CISD3, TMSB10, DUSP14, LASP1, C17orf96, GAS2L2, LRRC3C, ZPBP2, CACNB1, FBXO47, PROSER1, SRCIN1, C17orf78, JUP	Large intestine	5.77E-04	8.95E-02
194	SLC1A5, QARS, NXT1, CTNNB1	Oesophagus	5.88E-04	4.18E-01
195	CENPO, CENPP, CENPQ, CENPU	Upper aerodigestive tract	5.91E-04	2.09E-01
196	MFAP3, MINPP1, RGR, STEAP1B	Lung	5.97E-04	1.48E-01
197	GABRA1, GABRA6, PDE6A, GABRG2	Soft tissue	5.98E-04	1.85E-01
198	GABRA1, GABRA6, GABRG2, OR3A2	Soft tissue	5.98E-04	1.85E-01
199	DNASE2, ZNF69, CCDC151, KLF1, ZNF625, ACP5, MAN2B1, RTBDN, ZNF442, WDR83OS, FBXW9, TRMT1, LPPR2, LYL1, ZNF878, TMEM205, BEST2, C19orf80, CNN1, ELAVL3, EPOR, RAB3D, RAD23A, RGL3, ZNF441, ZNF443, ZNF844, CALR, DAND5, QTRT1, MAST1, KANK2, SWSAP1, ZNF791, ZNF700, STX10, PRDX2, GCDH, ZNF564, HOOK2, ZNF709, ZNF490, ZNF433, TNPO2, IER2, ZNF20, SYCE2, ZNF136	Thyroid	5.98E-04	1.24E-01
200	SSBP3, DOT1L, KAT6B, LMX1B, KAT6A, LDB1, BCL9L, ASH1L, BRPF1, KMT2A, MLLT1, PYGO2	Autonomic ganglia	6.09E-04	6.05E-02
201	CXCL16, SERPINB10, MBD5, RNF112, GPX6	Ovary	6.39E-04	2.26E-01
202	YARS, RFC5, NEDD8, DTL, TRAPPC3, SEC13, PRC1, AURKB, RCC1, RPS18	Skin	6.79E-04	8.02E-02
203	RHO, C3orf27, MAATS1, SIDT1, ARGFX, CLDND1, OR5K3, TAGLN3, DRD3, EFCAB12, LSAMP, TMPRSS7, C3orf52, KIAA1257, C3orf36, LNP1	Bone	6.86E-04	1.13E-01
204	SIX1, EYA4, RPN1, MYOD1	Endometrium	7.04E-04	2.39E-01
205	AASDHPPT, ADAT2, DNLZ, FDXR, MRE11A, PGS1, TRMT61A, TPI1, CDIPT, DOLK, PTPMT1	Central nervous system	7.17E-04	2.54E-01
206	DAZAP1, ALAS1, ALAD, HMBS, UROS, CPOX, FECH, PPOX, UROD	Haematopoietic and lymphoid tissue	7.18E-04	1.71E-01
207	HAP1, KLHL10, FKBP10, PLEKHH3, PIP4K2B, RDM1, ARL5C, GSDMB, DHRS11, SYNRG, GPR179, KLHL11, PGAP3, PLXDC1, PPP1R1B, CSF3, PCGF2, MLLT6, CISD3, TMSB10, DUSP14, LASP1, C17orf96, GAS2L2, LRRC3C, ZPBP2, CACNB1, FBXO47, PROSER1, SRCIN1, C17orf78, JUP	Oesophagus	7.28E-04	4.18E-01
208	NFKB1, RELA, IKBKB, RNF31, MEF2C, RELB, CHUK, PRDM1, IRF4, TCF3, CCND2, POU2AF1, SMAD7, IKZF3, CFLAR	Haematopoietic and lymphoid tissue	7.31E-04	1.71E-01
209	IFITM5, CHID1, BET1L, LMNTD2, ATHL1, SCGB1C1, ODF3	Endometrium	7.41E-04	2.39E-01
210	GABRA1, WIPI1, GABRA6, NPS, GABRG2	Soft tissue	7.46E-04	2.06E-01
211	DIXDC1, ORAOV1, MRGPRF, MYEOV, FGF4, GSTP1, FGF19, NUDT8, CPT1A, GAL, MRGPRD, MTL5, TPCN2, FGF3, BRMS1, CCDC36, IGHMBP2, ZNF20, PPP6R3	Oesophagus	7.48E-04	4.18E-01
212	CDK6, CCNE1, KIDINS220, CKS1B, PAX8, MECOM, CDK2, XPR1	Large intestine	7.62E-04	1.07E-01
213	MED7, TTC1, TAF7, PTTG1, DDX41, LARS, LSM11, GNB2L1	Breast	7.65E-04	2.37E-01
214	KRTAP3-1, HAP1, KLHL10, CCR7, FKBP10, HSPB9, KRTAP4-6, KRTAP4-8, KRTAP4-4, KRT16, KRTAP2-4, KRT23, KRTAP4-7, KRTAP3-2, KRT19, KRT25, KRT26, KRT36, KRTAP9-1, KRT15, KRTAP4-2, KRTAP1-5, LEPREL4, KRT28, KRTAP2-2, THRA, KRTAP1-3, KRTAP9-3, KRTAP4-11, KRT33B, KRTAP1-4, KRTAP9-9, KRT20, KRT33A, KRTAP4-9, GJD3, KRT31, KRTAP9-8, KRT37, KRTAP3-3, KRTAP4-3, JUP, KRT24	Large intestine	7.73E-04	1.07E-01
215	NFKB1, RELA, DMXL1, IKBKB, MEF2C, RELB, CHUK, PRDM1, IRF4, TCF3, HERPUD1, CCND2, CHD7, POU2AF1, SMAD7, IKZF3	Haematopoietic and lymphoid tissue	7.78E-04	1.71E-01
216	RPL14, RPL18, RPL18A, RPL7, RPL32, RPL3, RPL31, RPL19, RPL27, RPL7A, RPL23A, RPL23, RPL4, RPL17, RPL15, RPL34, UBA52, RPL6	Endometrium	8.07E-04	2.39E-01
217	KLK4, ZNF347, SIGLEC9, KIDINS220, PSG9	Ovary	8.08E-04	2.50E-01
218	GTF3C5, DNLZ, GTF3C6, GTF3C4, TPI1, DOLK, GTF3C1, GTF3C3, NDOR1	Central nervous system	8.19E-04	2.54E-01
219	NFKB1, FURIN, RELA, IRS1, IKBKB, MEF2C, RELB, CHUK, UBALD2, PRDM1, IRF4, TCF3, TRAF5, CCND2, POU2AF1, SMAD7, IKZF3	Haematopoietic and lymphoid tissue	8.29E-04	1.71E-01
220	EIF3G, EIF3D, EIF3E, EIF3A, EIF3H, EIF3F, EIF3I, EIF3M	Upper aerodigestive tract	8.49E-04	2.36E-01
221	IFITM5, CHID1, B4GALNT4, LRRC56, BET1L, ATHL1, MUC6, ODF3	Endometrium	8.52E-04	2.39E-01
222	EIF3G, POLR2F, EIF3D, EIF3E, EIF3H, TOMM22, EIF3I, EIF3M	Upper aerodigestive tract	8.64E-04	2.36E-01
223	ARHGEF4, CNTRL, NTNG2, SPATA22, DNMT1	Soft tissue	8.77E-04	2.18E-01
224	SP3, FBXO22, NFE2L2, SOX4, TGIF1	Lung	8.81E-04	1.99E-01
225	C1QTNF1, SFTA2, PTN, OR4C15	Stomach	8.92E-04	4.43E-01
226	HAP1, PNMT, TCAP, RDM1, ARL5C, GSDMB, ERBB2, NEUROD2, SYNRG, GPR179, KLHL11, PGAP3, PLXDC1, PPP1R1B, CSF3, PCGF2, MLLT6, CISD3, DUSP14, LASP1, C17orf96, GAS2L2, LRRC3C, ZPBP2, CACNB1, FBXO47, C17orf78, IKZF3, JUP	Oesophagus	8.95E-04	4.18E-01
227	FERMT1, TCF7L2, GATA6, RAB10, UBE2Z, CTNNB1, TTC7A	Pancreas	8.97E-04	1.71E-01
228	DDX54, ENKUR, KIAA1919, TULP4	Autonomic ganglia	9.13E-04	8.71E-02
229	NPEPPS, SYNRG, KRTAP9-1, PCGF2, TMSB10, DUSP14, RBBP4, PROSER1, C17orf78, TBC1D3B, TBC1D3F	Oesophagus	9.29E-04	4.18E-01
230	PLCXD2, SIDT1, SLC9C1, OR5K3, CD96, ABHD10, WDR5B, CCDC80, SLC35A5, ARHGAP31, BOC, GCSAM, IMPG2, LRRC58, LSAMP, NXPE3, PHLDB2, TMPRSS7, ZBED2, CD200R1, GPR15, BTLA	Bone	9.44E-04	1.46E-01
231	RPS27A, RPL18A, RPL37, RPS13, RPS3A, RPLP0, RPL31, WDR43, RPL19, RPL9, RPL27, RPL7A, RPL23A, RPL23, RPL4, RPL17, RPL15, RPL13, RPLP2, RPL11, RPL6	Endometrium	9.56E-04	2.39E-01
232	IK, RPS14, MED7, TTC1, TAF7, SLU7, DDX41, ZMAT2, LARS, GNB2L1	Breast	9.61E-04	2.49E-01
233	CSTF3, NUP98, CTR9, IPO7, TAF10, RPL27A, GTF2H1, EIF3F, EIF3M	Upper aerodigestive tract	9.80E-04	2.36E-01
234	OR52I2, POGZ, CTDNEP1, ZMYM4	Kidney	9.82E-04	1.52E-01
235	PARM1, SCARB2, C4orf26, SPP1, CXCL10, DMP1, PF4, ENOPH1, SPATA18, TMPRSS11B, C4orf22, TMEM150C, STAP1, AFP, SLC39A8, HNRNPDL, PDCL2, CCDC158, THAP9, FAM13A, TMPRSS11D, UGT2B4, CXCL11	Urinary tract	9.87E-04	1.75E-01
236	RPS15A, RPL18, RPL18A, RPL37, RPS13, RPL32, RPLP0, RPL31, RPS6, RPL19, RPL9, RPL27, RPL7A, RPL23A, RPL23, RPL4, RPL17, RPL15, RPL13, RPLP2, RPL11, RPL6	Endometrium	1.00E-03	2.39E-01
237	CLP1, TMEM258, CCDC86, TMX2, SSRP1	Breast	1.00E-03	2.49E-01
238	LIPJ, PDLIM1, FBXW4, UBE2D1, CUEDC2, ADO	Autonomic ganglia	1.03E-03	9.43E-02
239	FERMT1, TCF7L2, GATA6, RAB10, UBE2Z, CTNNB1, TTC7A	Oesophagus	1.03E-03	4.18E-01
240	CDK6, INVS, ALDOB, CDKN2A	Bone	1.04E-03	1.52E-01
241	CACNG5, PLSCR5, GNGT2, CENPP	Upper aerodigestive tract	1.05E-03	2.36E-01
242	TCF7L2, DENND4C, RABIF, GATA6, RAB10, UBE2Z, CTNNB1, EXOC8	Pancreas	1.05E-03	1.87E-01
243	IRF7, B4GALNT4, LRRC56, ATHL1, PHRF1, CDHR5, DRD4, PNPLA2, HRAS, PDDC1	Endometrium	1.06E-03	2.39E-01
244	DEFB130, KIAA1468, CD6, CNTNAP4	Large intestine	1.07E-03	1.28E-01
245	LUM, USP44, LRRIQ1, SMUG1, DCN	Bone	1.10E-03	1.52E-01
246	NCKAP1, SLC30A3, OR51E2, NRBP1	Haematopoietic and lymphoid tissue	1.11E-03	2.06E-01
247	OR4C11, OR4P4, OR4C15, OR4C16, OR4S2	Stomach	1.11E-03	4.59E-01
248	SIRT6, ZMYND8, WT1, SUMO2	Ovary	1.12E-03	3.10E-01
249	GJD4, KRTAP5-1, KRTAP5-9, KRTAP5-3, KRTAP5-10, HRAS	Haematopoietic and lymphoid tissue	1.16E-03	2.06E-01
250	PIP, CEP41, CTAGE15, KLF14, MTRNR2L6	Pleura	1.16E-03	4.12E-01
251	AP5M1, ATP13A2, GAD1, GDF11, CTAGE15	Pleura	1.16E-03	4.12E-01
252	TCF7L2, DENND4C, RABIF, GATA6, RAB10, UBE2Z, CTNNB1, EXOC8	Oesophagus	1.18E-03	4.18E-01
253	RAD1, RNASEH2C, RAD9A, RAD17, HUS1, RNASEH2A, RNASEH2B	Large intestine	1.20E-03	1.28E-01
254	TCEA2, SLCO4A1, SOX18, SAMD10, MYT1, CABLES2, UCKL1, CHRNA4, ABHD16B, C20orf195, EEF1A2, LKAAEAR1, PCMTD2, PPDPF, RGS19, SLC2A4RG, STMN3, ZGPAT, GMEB2, OPRL1, COL9A3, SLC17A9, NPBWR2, TPD52L2, ZNF512B, RBM38, RBBP8NL, TCFL5	Autonomic ganglia	1.22E-03	1.08E-01
255	TTLL6, TSTD2, TLR4, C11orf42, NRCAM	Large intestine	1.24E-03	1.28E-01
256	MXRA7, NIPAL3, PI4K2A, C5orf30, C1orf168, POLA2	Large intestine	1.28E-03	1.28E-01
257	DHX36, ATR, GTF2E1, NAA50, RAD17, SRPRB, TOPBP1	Large intestine	1.29E-03	1.28E-01
258	HIGD1A, ACVR2B, C14orf2, RASGRP3	Liver	1.30E-03	4.04E-01
259	ELOVL6, TTLL6, MSC, C1orf210, TPCN1	Large intestine	1.31E-03	1.28E-01
260	KRTAP1-5, TMEM170A, CNTNAP4, SCGB1C1, HBZ	Large intestine	1.31E-03	1.28E-01
261	CDK6, CCND1, CDK4, CCND3, CCND2, CDK2	Bone	1.31E-03	1.57E-01
262	CDK6, CCND1, CDK4, AMBRA1, CCND3, CCND2	Bone	1.32E-03	1.57E-01
263	LUM, MYL2, ZNF664, CCDC60, TBX5, FAM71C	Bone	1.33E-03	1.57E-01
264	MED1, MED7, TOE1, USPL1, MED26, MED9, MED17, ICE2, ELL, MED19, MED25, MED16, MED8, EAF1	Breast	1.33E-03	2.69E-01
265	NETO2, CDH3, SLC7A6, CNTNAP4, FLOT1	Large intestine	1.34E-03	1.28E-01
266	FCRL4, SERPINA5, C1orf192, NPL, MYC	Autonomic ganglia	1.36E-03	1.13E-01
267	PLG, C6orf118, SLC22A2, LPA, TULP4, QKI	Autonomic ganglia	1.37E-03	1.13E-01
268	SSR2, SLC35B4, SLC33A1, ADPGK, NFE2L2, SUCO, TAPT1, SSR3	Lung	1.37E-03	2.44E-01
269	MRPL52, ZNF334, CENPO, CCT7	Upper aerodigestive tract	1.38E-03	2.85E-01
270	SSR2, SLC35B4, FNDC3B, GANAB, ADPGK, NFE2L2, SUCO, TRAM2	Lung	1.41E-03	2.44E-01
271	OR6M1, NSD1, ZNF346, MEN1	Lung	1.42E-03	2.44E-01
272	CDK6, CCND1, CDKN2A, CCND3, CCND2, MSI2	Bone	1.43E-03	1.61E-01
273	SLC35F1, TTLL11, PRCP, VGLL2, WT1	Ovary	1.43E-03	3.55E-01
274	TCP10L2, ULBP3, RAET1G, RAET1L, ULBP2, EPM2A	Breast	1.43E-03	2.69E-01
275	NPTN, SLC22A8, MORN2, NR1D1, SCGB1D1	Lung	1.48E-03	2.44E-01
276	ARHGAP29, INADL, CRB3, PARD6B, TP53BP2, CTNNA1, MLLT4, PARD3, CDC42, HNF1B, CTNND1, PAX8, PRKCI, TJP1, F11R, MPP5	Large intestine	1.51E-03	1.39E-01
277	ALG2, RFT1, ALG1, HYOU1, POLR1C, DPAGT1, SLC39A7, POLR3H, TMEM258, RPN2	Breast	1.52E-03	2.69E-01
278	NFIX, ABCF3, NFIA, NFIB, NFIC, PTGES3, CYS1	Haematopoietic and lymphoid tissue	1.52E-03	2.40E-01
279	MED24, MED1, MED7, MED23, DR1, MED26, MED9, CCNC, MED10, MED17, MED15, BTAF1, MED19, MED25, MED16, DRAP1	Breast	1.52E-03	2.69E-01
280	GJD4, KRTAP5-1, KRTAP5-9, ASCL2, DHCR7, KRTAP5-7, KRTAP5-3, KRTAP5-10	Haematopoietic and lymphoid tissue	1.55E-03	2.40E-01
281	GTF3C5, SURF6, DNLZ, RNF20, GTF3C4, NCBP1, RPL35, PRPF4, TEX10, TTF1, CDC26, MED27, GLE1, SEC16A, NUP214, NOL8, NDOR1	Central nervous system	1.55E-03	4.28E-01
282	KRTAP9-7, GOLGA3, PGAM5, RPL22L1	Stomach	1.55E-03	4.89E-01
283	EPHA6, MINA, CLDND1, SENP7, OR5K3, TBC1D23, OR5K4, ARL6, ARL13B, DZIP3, IMPG2, NXPE3, ZPLD1, DCBLD2, CD200R1, GPR15, IFT57, ST3GAL6, OR5K1, OR5H15, COL8A1, PROS1, OR5H2, TMEM45A, ALCAM, PCNP, OR5AC2, FILIP1L, BTLA, CDV3, OR5H1, GPR128, STX19, BBX, NSUN3, LNP1	Bone	1.56E-03	1.68E-01
284	LACTB, MARC2, FAM174A, MOCS2, FUT6	Soft tissue	1.56E-03	3.52E-01
285	ZNF266, CRB3, C19orf66, QTRT1, TBC1D24, INSR	Urinary tract	1.60E-03	2.56E-01
286	ANGPTL5, KDM4D, DYNC2H1, MMP10, MMP13, C11orf70, FAM76B, MMP7, MMP8, TMEM133, KIAA1377, PGR, FUT4, NAALAD2, MMP20, MMP3, MMP1, CLMP, DCUN1D5, GJC1, MMP27, MAML2, CNTN5	Endometrium	1.61E-03	3.23E-01
287	MED24, MED6, MED1, MED7, MED23, MED26, MED9, MED28, MED29, MED10, MED17, MED15, MED19, MED16, MED20, MED22, MED8	Breast	1.63E-03	2.69E-01
288	GINS1, CRNKL1, PCNA, CRLS1, VPS16, SEC23B, TRMT6, ESF1, POLR3F, XRN2, NAA20, SIVA1, CSRP2BP, NOP56, CFL1	Haematopoietic and lymphoid tissue	1.64E-03	2.40E-01
289	ZNF395, TIPARP, HERC4, SLC39A7	Oesophagus	1.64E-03	4.57E-01
290	POMK, LGMN, CILP, UBC	Urinary tract	1.65E-03	2.56E-01
291	RBM7, ADAR, XRN1, ZFC3H1	Oesophagus	1.66E-03	4.57E-01
292	NDC1, LMNB1, CNEP1R1, CTDNEP1, TMPO, SMPD4, LMNA	Kidney	1.66E-03	2.43E-01
293	KLHDC9, SERINC5, APOBEC4, OR10J3	Pleura	1.66E-03	4.66E-01
294	C14orf28, EGLN3, CRTC2, STX4	Skin	1.68E-03	1.89E-01
295	ANGPTL5, KDM4D, DYNC2H1, MMP10, MMP13, C11orf70, FAM76B, MMP7, TYR, MMP8, TMEM133, KIAA1377, PGR, FUT4, NAALAD2, MMP20, MMP3, MMP1, MTMR2, DCUN1D5, MMP27, CCDC89, MAML2, CNTN5	Endometrium	1.69E-03	3.23E-01
296	ANK2, PTGDR2, PRB2, DENND2A	Liver	1.75E-03	4.81E-01
297	LRRC49, GRAMD2, RAB11A, BNC1, SPESP1	Stomach	1.79E-03	4.89E-01
298	BCL10, SEC23A, ATP2A2, TNFSF10	Kidney	1.79E-03	2.46E-01
299	INPPL1, FOLR2, KRTAP5-9, RNF121, DHCR7, FOLR1, NADSYN1, PDE2A, STARD10, KRTAP5-10	Haematopoietic and lymphoid tissue	1.79E-03	2.47E-01
300	HNF1A, UBAC1, PCBD1, BMPR1A, HNF4A, HNF1B, TMEM245	Stomach	1.83E-03	4.89E-01
301	FABP5, OR2M5, KRI1, OR52E8	Large intestine	1.84E-03	1.62E-01
302	TTLL9, OR2K2, TRIM14, ADAM19, FADD	Autonomic ganglia	1.84E-03	1.45E-01
303	TNNC1, EIF4E3, FEZF2, ACOX2, MAGI1, SYNPR, ASB14, CISH, KCTD6, ERC2, CHDH	Urinary tract	1.84E-03	2.69E-01
304	ALG12, DNAJC3, DERL2, UBE2J1, DOLPP1, UBA5, MPDU1, SLC33A1, MANF, ALG3, SEL1L, ALG6, ALG9, DNAJB11, DPM3, MPI, ALG8, SEC63, UFL1, ALG5, AUP1, DPM1, DPM2, HERPUD1, PMM2, SYVN1, UBE2G2, TMEM41B, SEC62	Pleura	1.86E-03	4.66E-01
305	A4GALT, ARHGAP8, C22orf46, CYB5R3, DESI1, FBLN1, KIAA0930, LMF2, MAPK11, MKL1, MOV10L1, PHF21B, PIM3, PKDREJ, SEPT3, SMDT1, SULT4A1, TRMU, TTLL12, WBP2NL, PARVB, ADM2, MEI1, CERK, LDOC1L, CRELD2, PNPLA3, GTSE1	Autonomic ganglia	1.87E-03	1.45E-01
306	AAGAB, AGFG1, AP2A1, AP2A2, AP2B1, AP2M1, AP2S1, C15orf57, FCHO2, NCOA4, PICALM, PPP6C, C10orf88, TFRC, DNM2, CLTC, STEAP3	Large intestine	1.89E-03	1.62E-01
307	CDH2, GTPBP1, GTPBP2, C7orf25, GEN1	Kidney	1.91E-03	2.49E-01
308	SERPINE1, CCDC132, NAT16, PLOD3, ACTL6B, CLIP2, ZKSCAN1, AZGP1, CYP3A43, FBXO24, PCOLCE, ZNF804B, CLDN15, MBLAC1, MUC12, SRI, GJC3, CUX1, ARPC1B, ZSCAN25, CYP3A5, GATS, SLC12A9, TSC22D4, C7orf61, AGFG2, AP4M1, C7orf43, FAM200A, IFT22, MOGAT3, SAP25, NYAP1, FZD1, KPNA7, ZNF394, ALKBH4, CNPY4, CYP3A7, GIGYF1, PVRIG, SLC26A5, TECPR1, ZNF789, UFSP1, ZSCAN21, GPC2, OR2AE1, UPK3BL, ZCWPW1, LRCH4, EPO, PILRA, PILRB, RASA4B, ARMC10, ZNF3	Oesophagus	1.92E-03	4.60E-01
309	SPAG6, CELF2, ANKRD16, C10orf126, IL15RA, SFMBT2, ARHGAP12, CREM, AKR1C3, CALML3, SLC39A12, PHYH, DHTKD1, NET1, AKR1C4, AKR1C1, SEC61A2, CASC10	Pleura	1.95E-03	4.66E-01
310	ANGPTL5, CCDC83, KDM4D, NOX4, DYNC2H1, MMP10, MMP13, FOLH1, C11orf70, FAM76B, GPR83, HEPHL1, MMP7, TYR, MMP8, TMEM133, KIAA1377, PGR, NAALAD2, MMP20, MMP3, MMP1, DCUN1D5, MMP27, YAP1, SLC36A4, CCDC89, CNTN5	Endometrium	1.97E-03	3.28E-01
311	CDK6, CCND1, E2F3, CCNE1, CDK4, UBE2Q1, CKS1B, CDK2, SKP2	Bone	1.99E-03	2.05E-01
312	IGSF9B, TCF24, NIPAL4, ELOVL4	Endometrium	1.99E-03	3.28E-01
313	ATR, RHNO1, ATRIP, RAD1, RAD9A, MAD2L2, RAD17, KIAA1524, MDC1, HUS1, TOPBP1	Large intestine	1.99E-03	1.65E-01
314	TMEM244, CTGF, MAN2A2, CSRNP3, L3MBTL3	Oesophagus	2.04E-03	4.60E-01
315	CCDC170, LNPEP, RAB5A, STK17B	Pleura	2.06E-03	4.66E-01
316	KCNA1, CCL14, TLK2, SNRPN	Skin	2.08E-03	2.24E-01
317	PLEKHB1, RNF169, FOLR2, KRTAP5-9, LRTOMT, RNF121, FOLR1, CTTN, ARAP1, PDE2A, STARD10	Haematopoietic and lymphoid tissue	2.08E-03	2.72E-01
318	CHIC2, PRRX1, PDGFRA, GSX2, TWIST2, SCFD2, VSIG10	Thyroid	2.08E-03	3.84E-01
319	DLGAP5, MAD2L1BP, MAPRE1, TACC3, TRIP13, GTSE1, KNTC1, CKAP5, KIF15, KIF18B	Autonomic ganglia	2.09E-03	1.57E-01
320	ZNF205, ARHGAP11A, ARHGAP11B, OR5J2, MELK	Soft tissue	2.09E-03	4.11E-01
321	CDK6, CCNE1, KIDINS220, CKS1B, PAX8, MECOM, CDK2, XPR1	Bone	2.14E-03	2.12E-01
322	WDR38, PIP5KL1, USP20, CNTRL, CERCAM, LRRC8A, PSMD5, SH2D3C, ASTN2, CDK5RAP2, OR1J4, TRAF1, C5	Soft tissue	2.16E-03	4.11E-01
323	NPY1R, RAX, FKBP3, TACR3, NUFIP1	Stomach	2.16E-03	4.89E-01
324	TXNDC17, KCTD10, CUL3, CAND1, KEAP1, TXNRD1	Urinary tract	2.18E-03	2.85E-01
325	MAP3K7, RELA, TRAF6, ZNF638, BIRC2, RNF31, NCOA5, CPSF7, UBE2N, CFLAR, TAB2, TRAF2	Kidney	2.18E-03	2.57E-01
326	TXNDC17, KCTD10, CUL3, ARIH1, KEAP1, TXNRD1	Urinary tract	2.18E-03	2.85E-01
327	OR6B3, LRP1, PPFIA2, ZNF740, LPP	Ovary	2.20E-03	4.96E-01
328	E2F3, TFDP1, RBL1, ZZZ3, E2F1, YEATS2, CSRP2BP, TADA3, CCDC101, TADA2A, CCNF	Kidney	2.20E-03	2.57E-01
329	RAET1G, TMEM181, CCDC78, EAF1	Pancreas	2.22E-03	3.38E-01
330	TCEB3, SMARCA5, AFF4, SPTY2D1, BPTF	Skin	2.23E-03	2.30E-01
331	TLX2, TRABD2A, ERLEC1, TGOLN2, DOK1, EGR4, M1AP, RETSAT, SEMA4F, SFTPB, SH2D6, WDPCP, WDR54, NAT8, ACTG2, ELMOD3, CAPG, PRADC1, GNLY, CCDC104, TET3, WBP1, MCFD2, GGCX, KRCC1	Stomach	2.23E-03	4.89E-01
332	ULK1, WIPI2, ATG12, ATG7, ATG13, ATG10, ATG14, ATG3, ATG4B, ATG101, EPG5, ATG9A, RB1CC1, KEAP1	Pleura	2.28E-03	4.72E-01
333	C19orf47, FADS3, CCDC50, UBXN7, PHIP	Endometrium	2.30E-03	3.53E-01
334	DLGAP5, MAD2L1BP, GAK, TACC3, CLTC, MYBL2, GTSE1, HAUS4, CKAP5, KIF15, HAUS6	Autonomic ganglia	2.31E-03	1.69E-01
335	SLC39A10, SLC39A6, ATOX1, NXT1	Oesophagus	2.36E-03	4.88E-01
336	CDK6, CCND1, E2F3, CCNE1, FZR1, UBE2Q1, CKS1B, CDK2, SKP2	Bone	2.36E-03	2.25E-01
337	TOMM40, PPM1N, MEGF8, TRAPPC6A, TMEM91	Stomach	2.37E-03	4.89E-01
338	FABP5, EEF1B2, HMGB1, THAP1, PSMB5	Large intestine	2.37E-03	1.84E-01
339	MAP3K7, RELA, TRAF6, ZNF638, BIRC2, RNF31, NCOA5, RBCK1, TRAF3, UBE2N, CFLAR, TAB2, TRAF2	Kidney	2.37E-03	2.57E-01
340	MAP3K7, RELA, MYD88, TRAF6, ZNF638, IL1RAP, RNF31, NCOA5, UBE2N, IL1R1, CFLAR, TAB2, TRAF2	Kidney	2.38E-03	2.57E-01
341	SLC43A1, CLVS2, GLRB, ZFP69B	Endometrium	2.42E-03	3.53E-01
342	NPAS1, RAP1GAP2, TUBA3E, TUBA3D	Large intestine	2.44E-03	1.84E-01
343	EXOSC3, SNAPC3, DCTN3, NOL6, RCL1, RPS6, HAUS6	Haematopoietic and lymphoid tissue	2.44E-03	3.03E-01
344	TUBA3E, TUBA3D, SMPD4, GRIK3	Large intestine	2.44E-03	1.84E-01
345	RBM12, SCAF8, CTNNBL1, CDK13	Skin	2.54E-03	2.52E-01
346	STXBP4, SEPT4, HLF, OR4F5, BMP4	Upper aerodigestive tract	2.56E-03	4.60E-01
347	HSPD1, ASCL4, CIAO1, SRSF7	Thyroid	2.58E-03	3.84E-01
348	RAD1, RNASEH2C, RAD9A, RAD17, HUS1, RNASEH2A, RNASEH2B	Pancreas	2.58E-03	3.38E-01
349	IRF2, TM2D1, MARCH5, MMD, ATP13A1, AUP1, TM2D3, TM2D2, STUB1	Upper aerodigestive tract	2.60E-03	4.60E-01
350	ICAM1, ICAM3, COL5A3, ZNF627, OR7G3, CLEC4G, FUT3, VAV1, P2RY11, C19orf66, MBD3L2	Urinary tract	2.62E-03	3.25E-01
351	PITPNM2, RILPL1, RFX4, BRI3BP, OR5D13	Lung	2.63E-03	4.04E-01
352	WWC2, CHD8, ITGBL1, FAT1	Thyroid	2.64E-03	3.84E-01
353	TFAP2B, ACTL6A, EHBP1, ISL1, GSE1, LDB1, PRKCSH	Large intestine	2.66E-03	1.94E-01
354	ZNF653, OR7G1, ICAM1, OLFM2, ICAM3, ZNF627, CERS4, PDE4A, ZGLP1, SLC44A2, ADAMTS10, TMEM205, C19orf80, CLEC17A, CNN1, ELAVL3, P2RY11, RAB3D, RAD23A, RGL3, TSPAN16, C19orf66, DAND5, QTRT1, FBN3, OR1I1, C19orf38	Thyroid	2.72E-03	3.84E-01
355	NFKB1, RELA, IKBKB, RNF31, MEF2C, RELB, CHUK, PRDM1, IRF4, TCF3, CCND2, POU2AF1, SMAD7, IKZF3, CFLAR	Kidney	2.75E-03	2.78E-01
356	OR6B3, LRP1, PPFIA2, ZNF740, LPP	Autonomic ganglia	2.76E-03	1.96E-01
357	TMEM150A, TRABD2A, TGOLN2, DOK1, EGR4, M1AP, PUS10, RETSAT, SEMA4F, SFTPB, SH2D6, WDR54, NAT8, TEX37, ELMOD3, CAPG, PRADC1, GNLY, VAMP8, ARHGAP25, C2orf68, ST3GAL5, REEP1, WBP1, PLGLB2, C2orf78, SLC9B1, THNSL2, EXOC6B, GGCX, KRCC1	Stomach	2.76E-03	4.90E-01
358	TMEM150A, TRABD2A, TGOLN2, DOK1, EGR4, M1AP, RETSAT, SEMA4F, SFTPB, SH2D6, WDR54, NAT8, TEX37, ELMOD3, CAPG, SFXN5, PRADC1, GNLY, VAMP8, ANKRD53, ARHGAP25, C2orf68, TET3, REEP1, WBP1, PLGLB2, TEX261, C2orf78, SLC9B1, EXOC6B, GGCX	Stomach	2.77E-03	4.90E-01
359	WDR92, VRK1, CHMP7, ICE2, EAF1	Pancreas	2.77E-03	3.38E-01
360	HPR, C5orf60, PXDN, OR5M11	Lung	2.77E-03	4.04E-01
361	WWC2, CHD8, ITGBL1, FAT1	Endometrium	2.81E-03	3.88E-01
362	ANO6, LMBR1L, LACRT, ARF3, SLC38A4, CCDC184, KRT77, ASIC1, C12orf40, PUS7L, VDR, OR6C6, NR4A1, PRPF40B, AMHR2, KCNH3, OR9K2, ZNF641, GRASP, KRT86, FMNL3, GPD1, POU6F1, IKZF4, LALBA, PRKAG1, ASB8, AQP6, HIGD1C, YAF2, LIMA1, PRICKLE1, LARP4	Pancreas	2.82E-03	3.38E-01
363	ANO6, LMBR1L, ARF3, LRRK2, SCAF11, SLC38A4, CCDC184, ASIC1, ENDOU, NELL2, PUS7L, VDR, PRPF40B, TMEM106C, HDAC7, ZNF641, GRASP, ANP32D, GXYLT1, POU6F1, CCDC65, C12orf54, LALBA, PRKAG1, TMEM117, ASB8, OR8S1, OR10AD1, SLC38A2, CACNB3, YAF2, PRICKLE1, COL2A1	Pancreas	2.82E-03	3.38E-01
364	ANO6, LMBR1L, ARF3, LRRK2, SCAF11, SLC38A4, CCDC184, ASIC1, ENDOU, NELL2, PUS7L, VDR, DHH, PRPF40B, SLC4A8, KCNH3, TMEM106C, ZNF641, GRASP, ANP32D, POU6F1, CCDC65, C12orf54, ADAMTS20, LALBA, PRKAG1, TMEM117, ASB8, OR8S1, OR10AD1, YAF2, PRICKLE1, LARP4	Pancreas	2.83E-03	3.38E-01
365	IPO8, CNEP1R1, MIB1, FKBP1A, CTDNEP1, SMAD6, SMAD4, ACVR2A, LEMD3, RGMB, BAMBI, SMAD7	Kidney	2.86E-03	2.78E-01
366	DHX36, ATR, GTF2E1, NAA50, RAD17, SRPRB, TOPBP1	Pancreas	2.90E-03	3.38E-01
367	AP2M1, EIF4G1, ACTL6A, LSG1, NMD3, POLR2H, RFC4, EIF4A1	Large intestine	2.94E-03	2.09E-01
368	TRIM24, SETDB1, ADIPOR2, ATF7IP, KIAA1551, TRIM33, ATP2B1	Kidney	2.98E-03	2.78E-01
369	NECAP2, AGMAT, ARHGEF19, TMEM82, PRAMEF7, PRAMEF8, CASP9, DFFB, FAM131C, RSG1, LOC391003	Lung	2.99E-03	4.12E-01
370	PARM1, CSN2, PRR27, CXCL9, UGT2B11, TMPRSS11B, C4orf22, UGT2B28, SULT1B1, UGT2A1, HTN3, UGT2A3, UGT2B4, UGT2B7, AMTN, UGT2B15	Thyroid	3.00E-03	3.84E-01
371	ANO6, LMBR1L, ARF3, LRRK2, DNAJC22, METTL7B, PPP1R1A, SLC38A4, CCDC184, ASIC1, ENDOU, NELL2, PUS7L, VDR, PRPF40B, SLC4A8, TMEM106C, ZNF641, RAPGEF3, GRASP, CSRNP2, ANP32D, POU6F1, CCDC65, H1FNT, C12orf54, LALBA, PRKAG1, TMEM117, ADCY6, ASB8, OR8S1, OR10AD1, YAF2, PRICKLE1	Pancreas	3.00E-03	3.38E-01
372	C5orf60, KRTAP5-8, INCENP, POLR2G	Breast	3.12E-03	4.55E-01
373	PRPF19, CHGB, INCENP, SF3B2	Breast	3.12E-03	4.55E-01
374	SLC27A3, KCNJ10, LOX, ADAMTS4, RNF144A, CRP, NR1I3, NTRK1	Thyroid	3.15E-03	3.84E-01
375	DCST2, SHC1, OR6K6, FCGR3A, KCNJ10, ADAM15, FCGR2A, TSTD1	Thyroid	3.16E-03	3.84E-01
376	ADAT2, DOHH, TRMT61A, ADAT3, CDIPT, DOLK, DPH1, RTCB, BCL2L1, DHPS	Kidney	3.17E-03	2.78E-01
377	PRSS55, DEFB136, DEFB104A, USP17L2, USP17L13, DEFB134, DEFB103B, FAM90A1, DEFB105A, DEFB106A, DEFB4A, PRR23D2, SPAG11B, GATA4, SLC35G5, DEFB4B, DEFB107B, SOX7, XKR6, ZNF705B, DEFB108B	Bone	3.23E-03	2.96E-01
378	NHLRC3, PARP4, WASF3, ATP8A2, RNF17, RXFP2, N6AMT2, URAD, ZMYM5, KATNAL1, RNF6, POSTN, N4BP2L2, ZAR1L, IFT88, RASL11A, SPERT, NBEA, AMER2, MICU2, FLT3, MEDAG, N4BP2L1, TEX26, C1QTNF9, UBL3, B3GALTL, CDX2, POLR1D, LNX2, ATP12A, SHISA2	Large intestine	3.24E-03	2.22E-01
379	ACTL6A, ATR, LSG1, NMD3, POLR2H, RFC4, ECT2, SMC4, PDCD6	Large intestine	3.30E-03	2.22E-01
380	ANO6, LMBR1L, ARF3, LRRK2, SLC38A4, CCDC184, ASIC1, ENDOU, PUS7L, VDR, ATF1, NR4A1, PRPF40B, SLC4A8, KCNH3, TMEM106C, HDAC7, ZNF641, GRASP, KRT86, CSRNP2, ANP32D, FMNL3, GPD1, POU6F1, AQP2, CCDC65, C12orf54, LALBA, PRKAG1, ADCY6, ASB8, OR8S1, AQP6, OR10AD1, HIGD1C, PCED1B, LIMA1, LARP4	Pancreas	3.35E-03	3.61E-01
381	RHO, SCGB1A1, C2orf61, KIF9, SSX2IP	Endometrium	3.42E-03	4.33E-01
382	FNDC3B, PKN2, TP53BP2, CDH2, CTNNA1, MLLT4, CDH1, CTNND1, ITGAV	Kidney	3.43E-03	2.78E-01
383	PCNA, RNASEH2C, FEN1, RGPD6, RNASEH2A	Bone	3.48E-03	2.99E-01
384	MN1, INHBB, ATG5, LDLRAD3, C10orf67, LGR4	Bone	3.50E-03	2.99E-01
385	CD46, SLC22A18AS, CR1, CR1L, MR1	Large intestine	3.51E-03	2.29E-01
386	TWIST2, COMMD5, ZNF581, C2orf82, TSPAN4	Thyroid	3.54E-03	3.84E-01
387	ACAP2, ARF6, GDI2, RAB35, RER1	Kidney	3.55E-03	2.78E-01
388	ANO6, LMBR1L, ARF3, LRRK2, PPP1R1A, SLC38A4, CCDC184, ASIC1, PUS7L, VDR, BCDIN3D, ATF1, NR4A1, PRPF40B, SLC4A8, KCNH3, TMEM106C, HDAC7, ZNF641, GRASP, KRT86, CSRNP2, FMNL3, GPD1, POU6F1, CCDC65, KRT82, OR6C3, KRT84, C12orf54, KRT85, LALBA, PRKAG1, ASB8, OR8S1, AQP6, OR10AD1, HIGD1C, PCED1B, RHEBL1, LIMA1, LARP4	Pancreas	3.58E-03	3.70E-01
389	RPL14, RPL18, RPL18A, RPS17, UBTF, RPL21, RPS16, RPS6, RPL27, CLNS1A	Haematopoietic and lymphoid tissue	3.65E-03	4.12E-01
390	ARPC2, ARPC4, ABI1, ACTR2, ACTR3, ARPC3, BRK1, HSBP1, NCKAP1, RAC1, WASF2, MOB4, ILK, CCDC53	Haematopoietic and lymphoid tissue	3.66E-03	4.12E-01
391	ZNF653, ICAM1, DNASE2, ZNF69, ICAM3, KLF1, ZNF627, ZNF625, PDE4A, ACP5, MAN2B1, RTBDN, WDR83OS, ZNF121, LPPR2, ADAMTS10, TMEM205, C19orf80, CLEC17A, CNN1, ELAVL3, P2RY11, RAB3D, RAD23A, RGL3, TSPAN16, YIPF2, ZNF441, C19orf66, DAND5, QTRT1, MAST1, STX10, PRDX2, ZNF564, C19orf38, TNPO2, SYCE2, ZNF136	Thyroid	3.67E-03	3.84E-01
392	NCBP2, EIF2B5, ACTL6A, ATR, LSG1, NMD3, POLR2H, RFC4, ECT2, SMC4	Large intestine	3.68E-03	2.34E-01
393	CLOCK, GP5, ARNTL, CCDC129, CLEC7A	Thyroid	3.73E-03	3.84E-01
394	UBE2J2, MCL1, MARCH5, RER1, VDAC2	Kidney	3.76E-03	2.78E-01
395	C12orf60, ERP27, CLEC4D, ART4, KLRG1, HIST4H4, ATF7IP, H2AFJ	Kidney	3.77E-03	2.78E-01
396	PPHLN1, FAM208A, MORC2, SETDB1, BAP1, ATF7IP, MPHOSPH8, FAM208B, TRIM33	Kidney	3.79E-03	2.78E-01
397	ADAT2, DOHH, DPH5, TTC4, DPH1, DPH2, DPH6, RTCB, DNAJC24, DHPS, N6AMT1, EIF5A	Kidney	3.88E-03	2.78E-01
398	APC, AXIN1, ANKRD49, CSNK1A1	Pancreas	3.89E-03	3.73E-01
399	DNLZ, DNAJA3, ANKRD49, LONP1	Pancreas	3.91E-03	3.73E-01
400	DVL1, WLS, FZD5, RBM12, RNF146, LRP5	Skin	3.91E-03	3.73E-01
401	NCKAP1, RAC1, CRK, ILK, DOCK5, PXN, CRKL, BCAR1, ELMO2, LIMS1, PTPN12, ITGB5, RHOG, RAPGEF1, FERMT2, ITGAV, PTK2, TLN1	Haematopoietic and lymphoid tissue	3.94E-03	4.25E-01
402	TMEM244, CTGF, MAN2A2, CSRNP3, L3MBTL3	Thyroid	3.96E-03	3.84E-01
403	ARHGAP22, C14orf180, LBX2, MFSD12, BICC1	Endometrium	4.00E-03	4.33E-01
404	UBN2, TLK2, ASF1A, UBN1, CABIN1, HIRA, PHIP, UBR5, DNAJC9	Endometrium	4.04E-03	4.33E-01
405	MARCH6, UBE2J2, MCL1, ELOVL1, RER1, UBE2G2	Kidney	4.05E-03	2.78E-01
406	CCDC96, ETNK1, CTSO, OR51F1, SPCS2	Endometrium	4.08E-03	4.33E-01
407	TLK2, ASF1A, UBN1, UBXN7, CABIN1, HIRA, PHIP, DNAJC9, WDR48	Endometrium	4.09E-03	4.33E-01
408	LLPH, LTB4R2, CBWD5, DUSP10	Kidney	4.12E-03	2.78E-01
409	N4BP1, BCL10, BIRC2, IKBKB, RELB, CHUK, TRAF3, NFKB2, CARD10, CCND2, TRAF2, CYLD	Kidney	4.12E-03	2.78E-01
410	IDH2, ADTRP, DCAF13, PSMB2	Bone	4.14E-03	3.33E-01
411	LEFTY1, OTOP3, SNIP1, PSMB2	Bone	4.16E-03	3.33E-01
412	N4BP1, NFKBIA, BCL10, BIRC2, TNFAIP3, CHUK, TRAF3, NFKB2, CARD10, TNIP1, TRAF2, CYLD	Kidney	4.16E-03	2.78E-01
413	CPNE4, TEX29, PCDHAC1, MUC5B	Urinary tract	4.20E-03	4.70E-01
414	PRSS21, ZNF213, RFESD, TMEM100, OR2C1, DEPDC1B	Endometrium	4.21E-03	4.33E-01
415	ETV6, UBE2J2, TRIM8, MCL1, RER1, THAP3	Kidney	4.27E-03	2.78E-01
416	BRAF, SOX10, MAP2K1, MAPK1, ELAVL1, DUSP4, MITF, PEA15, SOX9	Thyroid	4.29E-03	3.84E-01
417	BRAF, SOX10, TXN, MAP2K1, MAPK1, DUSP4, MITF, PEA15, SOX9	Thyroid	4.30E-03	3.84E-01
418	MATR3, HNRNPM, CCAR1, HNRNPD	Autonomic ganglia	4.31E-03	2.97E-01
419	KLK4, ZNF347, SIGLEC9, KIDINS220, PSG9	Thyroid	4.33E-03	3.84E-01
420	CBR4, CLDN24, KLHL2, GLRB, ETFDH, CASP3, FAT1	Thyroid	4.33E-03	3.84E-01
421	ATR, RHNO1, ATRIP, RAD1, RAD9A, MAD2L2, RAD17, KIAA1524, MDC1, HUS1, TOPBP1	Pancreas	4.36E-03	3.90E-01
422	SEPHS1, LDB1, QRICH1, LMO4, LHX1	Pancreas	4.40E-03	3.90E-01
423	PXYLP1, TAS2R3, USP21, MBNL1	Thyroid	4.55E-03	3.84E-01
424	MTMR9, PARN, PRMT3, PDCD2L, DNAJC13	Thyroid	4.56E-03	3.84E-01
425	ACAP2, ARF6, DENND4C, GDI2, RAB35, RABIF	Skin	4.57E-03	3.86E-01
426	COL12A1, MTRNR2L9, BAI3, KHDRBS2, SMAP1, IMPG1, B3GAT2, DPPA5, FAM135A, KHDC1L, LGSN, SLC17A5, COX7A2, MB21D1, KHDC1, MEI4, KHDC3L, COL19A1, EYS, DDX43, C6orf57	Endometrium	4.58E-03	4.33E-01
427	HLA-DQA1, HLA-DRB5, HLA-DQB1, HLA-DRB1, MYCT1, RFWD2	Bone	4.62E-03	3.41E-01
428	MAP3K7, RELA, MYD88, TRAF6, ZNF638, IL1RAP, RNF31, NCOA5, UBE2N, IL1R1, CFLAR, TAB2, TRAF2	Thyroid	4.64E-03	3.84E-01
429	ARHGEF7, PARVA, ITGB1, NCKAP1, RAC1, RSU1, ILK, DOCK5, VCL, PXN, CRKL, BCAR1, ELMO2, LIMS1, ITGB5, RAPH1, RAPGEF1, FERMT2, ITGAV, PTK2, TLN1	Haematopoietic and lymphoid tissue	4.64E-03	4.49E-01
430	HLA-DQA1, HLA-DRB5, HLA-DQB1, HLA-DRB1, ZYX, MYCT1	Bone	4.66E-03	3.41E-01
431	TLK2, ASF1A, UBN1, UBXN7, CABIN1, HIRA, PHIP, DNAJC9, WDR48	Skin	4.68E-03	3.86E-01
432	PLAA, C16orf72, VCPIP1, TRIP12, UBR5	Kidney	4.68E-03	2.92E-01
433	UBN2, TLK2, ASF1A, UBN1, CABIN1, HIRA, PHIP, UBR5, DNAJC9	Skin	4.69E-03	3.86E-01
434	KIAA1456, PRSS55, DEFB136, CTSB, DEFB104A, USP17L2, FAM167A, NEIL2, DEFB134, MYOM2, DEFB103B, FAM90A1, DEFB105A, DEFB106A, DEFB4A, PDGFRL, PRR23D2, SPAG11B, BLK, GATA4, SLC35G5, RP1L1, C8orf74, CLDN23, DEFB4B, DEFB107B, SOX7, PPP1R3B, XKR6, ZNF705B, DEFB108B	Bone	4.78E-03	3.41E-01
435	PARD6B, PKN2, TP53BP2, CDH2, CTNNA1, MLLT4, PARD3, CDC42, CTNND1, TEAD1, WWTR1, PRKCI, TJP1	Kidney	4.79E-03	2.92E-01
436	SNF8, TSG101, VPS36, STAMBP, CLTC, CHMP6, USP8, UBAP1, CHMP5, TFG, VPS37A, PTPN23, VPS25, PIK3C3, HGS	Haematopoietic and lymphoid tissue	4.80E-03	4.49E-01
437	FEM1B, PREX1, NCOA3, TRPC4AP, PEA15	Bone	4.82E-03	3.41E-01
438	C8orf59, TNKS1BP1, MEIS2, KLK1	Pancreas	4.82E-03	4.10E-01
439	GBP3, GBP6, GBP4, SAMD13, GBP7, LPPR5, GBP5, GBP1, DPYD	Autonomic ganglia	4.82E-03	3.21E-01
440	SMARCA5, ZNF148, TNFAIP3, ZNF281	Kidney	4.83E-03	2.92E-01
441	ESPNL, KIF1A, HES6, NEU4, USP40, NEU2, ILKAP, STK25, AGXT, KLHL30, PRLH, GAL3ST2, DGKD, HDAC4, C2orf82, ATG4B	Endometrium	4.89E-03	4.33E-01
442	VEZT, CDIPT, THG1L, ANKRD49, NAA25	Pancreas	4.96E-03	4.10E-01
443	MAP3K7, RELA, TRAF6, ZNF638, BIRC2, RNF31, NCOA5, CPSF7, UBE2N, CFLAR, TAB2, TRAF2	Thyroid	4.99E-03	3.89E-01
444	ENAM, ARL9, CDKL2, PARM1, CSN2, PRR27, NPFFR2, CXCL9, UGT2B11, TMPRSS11B, STATH, C4orf22, LRRC66, TMEM150C, FDCSP, STAP1, AFP, C4orf17, SULT1B1, AMBN, UGT2A1, HTN3, UGT2B4, NAAA, PROL1, UGT2B7, AMTN	Thyroid	5.02E-03	3.89E-01
445	SLC39A1, STAT3, IL6ST, JAK1, LIFR, SOCS3, EGLN1	Skin	5.02E-03	3.86E-01
446	KRTAP3-1, HAP1, KLHL10, CCR7, FKBP10, HSPB9, KRTAP4-6, KRTAP4-8, KRTAP4-4, KRT16, KRTAP2-4, KRT23, KRTAP4-7, KRTAP3-2, KRT19, KRT25, KRT26, KRT36, KRTAP9-1, KRT15, KRTAP4-2, KRTAP1-5, LEPREL4, KRT28, KRTAP2-2, THRA, KRTAP1-3, KRTAP9-3, KRTAP4-11, KRT33B, KRTAP1-4, KRTAP9-9, KRT20, KRT33A, KRTAP4-9, GJD3, KRT31, KRTAP9-8, KRT37, KRTAP3-3, KRTAP4-3, JUP, KRT24	Autonomic ganglia	5.04E-03	3.21E-01
447	KRTAP1-1, ZNF517, TEX29, MUC5B	Urinary tract	5.07E-03	4.70E-01
448	RPL5, DDX20, DNTTIP2, RPAP2, HEXIM1, CDC7, RPF1, BCAS2, WDR3	Large intestine	5.08E-03	3.15E-01
449	CDK6, INVS, ALDOB, CDKN2A	Haematopoietic and lymphoid tissue	5.09E-03	4.49E-01
450	FEM1B, PREX1, NCOA3, TRPC4AP, PEA15	Autonomic ganglia	5.12E-03	3.21E-01
451	C8orf59, NUPL2, ZNF277, FAM207A	Pancreas	5.15E-03	4.12E-01
452	FLII, DIAPH1, CAPZB, SRF, PFN1	Urinary tract	5.19E-03	4.70E-01
453	GCG, TBC1D26, ACADM, MS4A1	Haematopoietic and lymphoid tissue	5.19E-03	4.49E-01
454	ULK1, WIPI2, ATG12, ATG7, ATG13, ATG10, ATG14, ATG3, ATG4B, ATG101, EPG5, ATG9A, RB1CC1, KEAP1	Urinary tract	5.21E-03	4.70E-01
455	SPI1, GFI1, MEF2D, ZEB2, GNG5, FLI1, IRF2BP2	Autonomic ganglia	5.24E-03	3.21E-01
456	OR6N2, PRR4, WFDC1, EXOSC7	Haematopoietic and lymphoid tissue	5.25E-03	4.49E-01
457	TBC1D26, DEK, GMPR, HOXA4	Haematopoietic and lymphoid tissue	5.25E-03	4.49E-01
458	HIPK3, TNFAIP8L3, SLIT1, OR5J2	Endometrium	5.27E-03	4.33E-01
459	SF3A2, SF3A1, SF3A3, PSMB2, SF3B2	Bone	5.28E-03	3.64E-01
460	PWP2, GTPBP4, URB1, MRTO4, EXOSC10, NOC4L, NOL6, RRP1	Kidney	5.29E-03	3.12E-01
461	NCKAP1, RAC1, CRK, ILK, DOCK5, PXN, CRKL, BCAR1, ELMO2, LIMS1, PTPN12, ITGB5, RHOG, RAPGEF1, FERMT2, ITGAV, PTK2, TLN1	Skin	5.29E-03	3.86E-01
462	PPP2R2A, PPP2CA, PPME1, CCDC6, LCMT1, PPP2R1A, FBXO42, PSMG1	Skin	5.31E-03	3.86E-01
463	SSR2, FURIN, IRS1, HSP90B1, CCDC134, CNPY2, IRS2, SSR3, IGF1R, OST4, OSTC, STT3A, EGFR, CPD, PTEN	Large intestine	5.37E-03	3.25E-01
464	MDK, FGFBP3, CTSO, SOCS6, GCFC2, SALL3	Endometrium	5.37E-03	4.33E-01
465	TNNC1, CACNA2D2, DNAH1, PHF7, IQCF1, NT5DC2, SLC25A20, ABHD14A, COL7A1, DALRD3, GNAT1, ITIH3, MYL3, NISCH, PFKFB4, TLR9, TMEM110, UBA7, USP19, WDR6, ZMYND10, CCDC71, DAG1, ITIH4, KLHDC8B, CISH, CCR5, IQCF5, APEH, PRKAR2A, FAM212A, LTF, GLT8D1, TOPAZ1	Urinary tract	5.38E-03	4.70E-01
466	MAP3K7, RELA, TRAF6, ZNF638, BIRC2, RNF31, NCOA5, RBCK1, TRAF3, UBE2N, CFLAR, TAB2, TRAF2	Thyroid	5.39E-03	3.93E-01
467	TLX2, TRABD2A, ERLEC1, TGOLN2, DOK1, EGR4, M1AP, RETSAT, SEMA4F, SFTPB, SH2D6, WDPCP, WDR54, NAT8, ACTG2, ELMOD3, CAPG, PRADC1, GNLY, CCDC104, TET3, WBP1, MCFD2, GGCX, KRCC1	Thyroid	5.39E-03	3.93E-01
468	UBA3, UBE2M, NAA35, WDR73, NAE1	Endometrium	5.42E-03	4.33E-01
469	COL12A1, MYO6, BAI3, SMAP1, IMPG1, KCNQ5, B3GAT2, DPPA5, PRSS35, IBTK, FAM135A, GJA10, KHDC1L, LGSN, SLC17A5, COX7A2, MB21D1, KHDC1, MEI4, FILIP1, KHDC3L, COL19A1, EYS, DDX43, C6orf57	Endometrium	5.42E-03	4.33E-01
470	NUPL1, HNRNPUL1, KHSRP, HNRNPD, NKTR	Autonomic ganglia	5.44E-03	3.21E-01
471	COL12A1, GABRR1, MYO6, BAI3, SMAP1, B3GAT2, DPPA5, PRSS35, FAM135A, GJA10, KHDC1L, LGSN, SLC17A5, COX7A2, GJB7, MB21D1, KHDC1, MEI4, FILIP1, KHDC3L, HTR1E, COL19A1, DDX43, C6orf57	Endometrium	5.45E-03	4.33E-01
472	SCN3B, CTSC, C11orf44, CCDC15	Bone	5.45E-03	3.65E-01
473	CPA2, ZNF695, ZNF549, VPS37C	Urinary tract	5.46E-03	4.70E-01
474	TNNC1, LSMEM2, C3orf18, CACNA2D2, CACNA1D, DNAH1, PHF7, IQCF1, NT5DC2, ABHD14A, CAMKV, COL7A1, GLYCTK, GNAT1, IQCF3, ITIH3, MUSTN1, MYL3, NISCH, PCBP4, SEMA3G, TLR9, TMEM110, USP19, ITIH4, KLHDC8B, CISH, IQCF5, APEH, STAB1, TUSC2, FAM3D, IQCF2, GLT8D1	Urinary tract	5.49E-03	4.70E-01
475	SIGIRR, ERI3, NASP, VPS37C	Urinary tract	5.49E-03	4.70E-01
476	TNNC1, NCKIPSD, APPL1, FAM107A, BSN, DNAH1, PHF7, IQCF1, NT5DC2, COL7A1, DALRD3, GLYCTK, GNAT1, ITIH3, PCBP4, PFKFB4, TLR9, TMEM110, UBA7, USP19, CCDC71, ITIH4, KLHDC8B, KIAA1143, CISH, CCR5, IQCF5, APEH, STAB1, TUSC2, P4HTM, IL17RB, TMPPE, FAM212A, GLT8D1	Urinary tract	5.50E-03	4.70E-01
477	KRTAP3-1, HAP1, CCR7, FKBP10, KRTAP4-8, KRTAP4-4, KRTAP2-4, GSDMB, KRT9, KRTAP4-7, KRTAP3-2, KRT19, KRT25, KRT26, KRTAP9-1, KRTAP4-2, KRTAP1-5, LEPREL4, KRT12, KRT28, KRTAP2-2, LRRC3C, ZPBP2, KRTAP9-3, KRTAP4-11, KRT33B, KRTAP1-4, KRTAP9-9, KRT20, KRT33A, KRTAP4-9, KRT31, KRTAP9-8, KRTAP3-3, KRTAP4-3, KRT24	Autonomic ganglia	5.53E-03	3.21E-01
478	CDK6, CCND1, CDK4, AMBRA1, CCND3, CCND2	Haematopoietic and lymphoid tissue	5.56E-03	4.60E-01
479	AMER3, IL37, CFC1, GYPC, IL1RL1, PTPN18, PROC, IL1F10, PLEKHB2, SCTR, BIN1, TUBA3D, MYO7B, MAP3K19, MZT2B, POTEI	Endometrium	5.58E-03	4.33E-01
480	TCEB3, SMARCA5, AFF4, SPTY2D1, BPTF	Kidney	5.59E-03	3.22E-01
481	KRTAP1-5, TMEM170A, CNTNAP4, SCGB1C1, HBZ	Autonomic ganglia	5.59E-03	3.21E-01
482	TBC1D26, DEK, GMPR, HOXA4	Urinary tract	5.70E-03	4.71E-01
483	FRMD3, CHRNA1, METAP1D, ADAM22, GPR148	Autonomic ganglia	5.76E-03	3.21E-01
484	TCF7L2, DENND4C, RABIF, GATA6, RAB10, UBE2Z, CTNNB1, EXOC8	Skin	5.81E-03	3.86E-01
485	OR5D14, ZNF286B, HLA-DOB, GDF10	Autonomic ganglia	5.81E-03	3.21E-01
486	NAT10, CSTF3, GTF2H1, ELP4, EIF3M	Bone	5.84E-03	3.72E-01
487	UBIAD1, DTYMK, MVD, PGD, YRDC, MAT2A, MVK, CMPK1, HMGCS1, HMGCR, PMVK, GMPPB	Skin	5.90E-03	3.86E-01
488	KCTD20, ZNF331, FAXDC2, SMARCAD1, NABP1	Bone	5.91E-03	3.72E-01
489	SLC39A10, SLC39A6, ATOX1, NXT1	Haematopoietic and lymphoid tissue	5.95E-03	4.76E-01
490	DNTTIP1, MED23, ELMSAN1, DR1, MAPK14	Large intestine	5.96E-03	3.46E-01
491	EIF4E3, ZNF654, FOXP1, TMF1, HTR1F, LMOD3, SYNPR, GXYLT2, CGGBP1, VGLL3, EOGT, PTPRG, POU1F1, FAM19A4, EPHA3	Skin	5.97E-03	3.86E-01
492	CADM2, EIF4E3, ZNF654, TMF1, HTR1F, LMOD3, GXYLT2, IL17RD, CGGBP1, VGLL3, EOGT, PTPRG, POU1F1, CNTN3, EPHA3	Skin	5.97E-03	3.86E-01
493	MRPS36, SERF1A, ARHGEF28, ITGA1, SMIM15, OR13C3	Large intestine	5.99E-03	3.46E-01
494	NCOA4, SLC25A28, IREB2, SOD2, MMS19, FEN1, GLRX3, POLE3, FAM96B	Bone	5.99E-03	3.72E-01
495	TNNC1, NCKIPSD, LSMEM2, C3orf18, CACNA2D2, FAM107A, DNAH1, PHF7, IQCF1, NT5DC2, ABHD14A, CAMKV, COL7A1, GLYCTK, GNAT1, IQCF3, ITIH3, MUSTN1, MYL3, NISCH, PCBP4, PFKFB4, SEMA3G, TLR9, TMEM110, USP19, CAMP, CCDC71, ITIH4, KLHDC8B, CISH, IQCF5, APEH, STAB1, TUSC2, IQCF2, FAM212A, GLT8D1	Urinary tract	6.00E-03	4.74E-01
496	ATG2B, NAT6, NPHS2, DEPDC1B, SUSD5	Endometrium	6.04E-03	4.42E-01
497	TOE1, ARMC5, USPL1, MED26, MED9, ICE2, SUPT3H, ELL, MED25, MED8, EAF1	Pancreas	6.08E-03	4.71E-01
498	GMPR, PMM1, THAP4, TMEM14C	Urinary tract	6.12E-03	4.74E-01
499	SBF1, ACAP2, ARF6, GDI2, RAB35, RAB8A, RABIF, SBF2	Skin	6.14E-03	3.86E-01
500	ARHGEF7, PARVA, ITGB1, NCKAP1, RAC1, RSU1, ILK, DOCK5, VCL, PXN, CRKL, BCAR1, ELMO2, LIMS1, ITGB5, RAPH1, RAPGEF1, FERMT2, ITGAV, PTK2, TLN1	Skin	6.15E-03	3.86E-01
501	MARC1, BROX, TLR5, LYPLAL1, DUSP10	Kidney	6.15E-03	3.47E-01
502	BLOC1S5, CD83, NEDD9, EDN1, NQO2, RNF144B, DTNBP1, RNF182, F13A1	Skin	6.19E-03	3.86E-01
503	CRTC3, ZEB2, CRTC2, BRAF, SOX10, TFAP2A, DUSP4, MITF	Autonomic ganglia	6.23E-03	3.34E-01
504	CDK6, CCND1, CDK4, CCND3, CCND2, CDK2	Haematopoietic and lymphoid tissue	6.31E-03	4.89E-01
505	SSR2, SLC35B4, FNDC3B, GANAB, ADPGK, NFE2L2, SUCO, TRAM2	Thyroid	6.33E-03	4.41E-01
506	ETV6, UBE2V1, TRIM8, THAP3	Autonomic ganglia	6.33E-03	3.34E-01
507	CADM2, EIF4E3, ZNF654, FOXP1, TMF1, HTR1F, LMOD3, GXYLT2, CGGBP1, VGLL3, EOGT, FRG2C, POU1F1, FAM19A4, CNTN3, EPHA3	Skin	6.35E-03	3.86E-01
508	ACOXL, MGAT5, AMER3, FAM178B, MAP4K4, FBLN7, TBC1D8, PTPN4, SLC35F5, LYPD1, GPR45, TMEM177, C2orf15, IL1F10, MARCO, SCTR, BIN1, MYO7B, ZAP70, MAP3K19	Endometrium	6.37E-03	4.42E-01
509	MARS, RPL29, RPL34, RPL6	Endometrium	6.37E-03	4.42E-01
510	PPP1R8, BCAS2, SF3A3, SNIP1, CCNL1, PSMB2	Bone	6.39E-03	3.87E-01
511	GTF3C2, ILF3, RABGGTA, OSGEP, ILF2, DDX42	Endometrium	6.41E-03	4.42E-01
512	PRKAR1A, STK11, SIK2, ZEB1	Skin	6.43E-03	3.86E-01
513	TMEM150A, TRABD2A, TGOLN2, DOK1, EGR4, M1AP, RETSAT, SEMA4F, SFTPB, SH2D6, WDR54, NAT8, TEX37, ELMOD3, CAPG, SFXN5, PRADC1, GNLY, VAMP8, ANKRD53, ARHGAP25, C2orf68, TET3, REEP1, WBP1, PLGLB2, TEX261, C2orf78, SLC9B1, EXOC6B, GGCX	Thyroid	6.52E-03	4.41E-01
514	GPR19, C3AR1, CLEC4D, CLEC6A, LMO3, LRRC23, CLEC9A, MFAP5, C1S, C12orf57, PIANP, CLSTN3, ATN1, CLEC12A, ACRBP, PTMS, PTPN6, KCNA5, AKAP3, APOBEC1, BCL2L14, CD27, CLEC4E, GNB3, GPR162, MLF2, PRB4, VAMP1, CLEC4C, SLC2A3, NECAP1	Urinary tract	6.53E-03	4.75E-01
515	GRAMD3, BMP8A, IFRD2, GP6	Skin	6.53E-03	3.86E-01
516	LRRC28, MEF2A, RGMA, LRRK1, VIMP, LYSMD4, PLIN1, ARPIN, HAPLN3, PGPEP1L, HDDC3, CERS3, ACAN, TTC23, AP3S2, PEX11A, GDPGP1, IGF1R	Large intestine	6.54E-03	3.69E-01
517	TMEM150A, TRABD2A, TGOLN2, DOK1, EGR4, M1AP, PUS10, RETSAT, SEMA4F, SFTPB, SH2D6, WDR54, NAT8, TEX37, ELMOD3, CAPG, PRADC1, GNLY, VAMP8, ARHGAP25, C2orf68, ST3GAL5, REEP1, WBP1, PLGLB2, C2orf78, SLC9B1, THNSL2, EXOC6B, GGCX, KRCC1	Thyroid	6.57E-03	4.41E-01
518	MED1, TOE1, USPL1, MED26, MED9, MED21, MED17, ICE2, ELL, MED25, MED8, EAF1	Pancreas	6.58E-03	4.95E-01
519	ANXA5, TMEM246, BCL2A1, CHD1	Urinary tract	6.69E-03	4.75E-01
520	FSCN3, HYAL4, SPAM1, OR2F2, OLA1	Bone	6.84E-03	3.97E-01
521	NAT10, DHX37, NOC4L, UTP20, C12orf45, DDX51	Bone	6.90E-03	3.97E-01
522	ANXA5, TMEM246, BCL2A1, CHD1	Skin	6.93E-03	4.00E-01
523	TMEM140, CALD1, LAMA2, OR2F2, BPTF	Bone	7.05E-03	3.97E-01
524	SMARCA5, ZNRD1, POLR1A, TOP1, TCOF1, POLR1E	Kidney	7.10E-03	3.91E-01
525	RHO, CEP63, SEMA5B, ZBTB38, DZIP1L, WDR5B, FAM162A, SNX4, PXYLP1, BFSP2, KIAA1257, TMEM108	Endometrium	7.21E-03	4.68E-01
526	CPNE9, NUP210, TMEM40, CIDEC, CAMK1, WNT7A, LHFPL4, TTLL3, SLC6A11, CAND2, SLC6A1, IQSEC1, ATP2B2, FGD5, THUMPD3	Urinary tract	7.26E-03	4.75E-01
527	C19orf18, SYT1, MAP10, RIF1	Large intestine	7.27E-03	4.01E-01
528	ZNF653, OR7G1, ICAM1, OLFM2, ICAM3, ZNF627, CERS4, PDE4A, ZGLP1, SLC44A2, ADAMTS10, TMEM205, C19orf80, CLEC17A, CNN1, ELAVL3, P2RY11, RAB3D, RAD23A, RGL3, TSPAN16, C19orf66, DAND5, QTRT1, FBN3, OR1I1, C19orf38	Urinary tract	7.28E-03	4.75E-01
529	BTBD18, CHD1, HNRNPH1, CHMP4B	Skin	7.29E-03	4.05E-01
530	ARGLU1, FNBP4, SFSWAP, NKTR, INTS12, CFAP20	Thyroid	7.33E-03	4.78E-01
531	MIS18A, RAD9A, RBBP4, OIP5, HJURP, CPSF3, CENPA, PRMT5	Skin	7.35E-03	4.05E-01
532	FOSL1, IGFALS, MAP3K11, NLRP6	Kidney	7.37E-03	3.97E-01
533	TMOD3, FLII, XPO6, DIAPH3, DIAPH1, SRF, PFN1	Urinary tract	7.39E-03	4.75E-01
534	GJA3, PNRC1, PLS1, TDRD12, GOLGA6C	Endometrium	7.49E-03	4.68E-01
535	MIS18A, RAD9A, RBBP4, OIP5, HJURP, CPSF3, CENPA, PRMT5	Endometrium	7.53E-03	4.68E-01
536	RPL41, CPLX1, MYL5, NRG1, DOK7	Endometrium	7.54E-03	4.68E-01
537	UTP11L, EBNA1BP2, PPP1R8, SF3A3, SNIP1, PSMB2, GNL2	Bone	7.67E-03	4.23E-01
538	SLC1A5, QARS, NXT1, CTNNB1	Urinary tract	7.73E-03	4.75E-01
539	LUM, USP44, LRRIQ1, SMUG1, DCN	Urinary tract	7.73E-03	4.75E-01
540	ETV6, ABCC4, PRR4, TRIM8, THAP3	Autonomic ganglia	7.88E-03	4.07E-01
541	RAET1G, TMEM181, CCDC78, EAF1	Bone	7.97E-03	4.30E-01
542	HRH2, CDHR2, OR2Y1, TTC30A, SLC36A2	Urinary tract	8.00E-03	4.75E-01
543	RPS3A, RPL29, TIGD1, RPL34, RPL6	Endometrium	8.01E-03	4.80E-01
544	EXOC7, DENND4C, RABIF, EXOC5, STXBP3, RAB10, EXOC2, STX4, SNAP23, EXOC8, EXOC1	Skin	8.07E-03	4.35E-01
545	DDIT3, INHBC, STAT6, GLI1, AGAP2, RASSF3, INHBE, PPP1R1A, OR6C4, HOXC6, SLC26A10, CYP27B1, CSAD, NXPH4, NDUFA4L2, ZBTB39, NAB2, MYO1A, R3HDM2, HMGA2, STAC3, TMEM5, CALCOCO1, XRCC6BP1, ZNF385A, ARHGAP9, IKZF4, MSRB3, DTX3, AVPR1A, KIF5A, METTL21B, ARHGEF25, NFE2, B4GALNT1, AVIL, CTDSP2, MARCH9, OS9, PIP4K2C, TBC1D30, TSFM, TSPAN31	Autonomic ganglia	8.10E-03	4.08E-01
546	ZNF653, ICAM1, ZNF69, ICAM3, KLF1, ZNF627, ZNF625, PDE4A, ACP5, MAN2B1, ZNF121, ADAMTS10, TMEM205, C19orf80, CLEC17A, CNN1, ELAVL3, P2RY11, RAB3D, RGL3, TMED1, TSPAN16, YIPF2, ZNF441, C19orf66, DAND5, SAFB, QTRT1, C19orf38, SYCE2	Urinary tract	8.11E-03	4.75E-01
547	RAF1, NRAS, NF1, PRKAR1A, MAPK1, SHOC2, KRAS	Kidney	8.18E-03	4.32E-01
548	SGCA, EFCAB3, MBTD1, WFIKKN2, ACSF2, MYCBPAP, PCTP, EPX, GDPD1, LPO, SCPEP1, MPO, CHAD, C17orf67, MKS1, MTMR4, NME1, OR4D1, RSAD1, C17orf82, OR4D2, SEPT4, SPAG9, ANKFN1, CA10, COIL	Autonomic ganglia	8.22E-03	4.08E-01
549	DAPP1, ANXA5, DDIT4L, CNOT6, CD84	Urinary tract	8.23E-03	4.75E-01
550	KDM3A, FAM114A2, MMRN1, IL26, LARP1	Large intestine	8.23E-03	4.44E-01
551	TBC1D7, CD83, GCM2, NEDD9, SYCP2L, ADTRP, EDN1, SMIM13, HIVEP1, TMEM170B, ELOVL2, DTNBP1, GCNT2, RNF182	Skin	8.28E-03	4.37E-01
552	OR1D2, TNFAIP2, SMCO4, CCDC78	Bone	8.29E-03	4.37E-01
553	PBX2, GATA2, TFAP2B, ISL1, MEIS2, IGF2BP1, SPRED2	Endometrium	8.32E-03	4.80E-01
554	MYL6, TMOD3, FLII, DIAPH3, DIAPH1, LRRFIP2, SRF, PFN1	Urinary tract	8.35E-03	4.75E-01
555	ESPN, NBL1, SYTL1, MST1, FAM231A, SPATA21, NBPF15	Urinary tract	8.42E-03	4.75E-01
556	GAN, KIAA0907, SACS, KIF20A	Autonomic ganglia	8.51E-03	4.12E-01
557	ZNF853, INPP5F, STX6, FBXW7	Endometrium	8.53E-03	4.80E-01
558	TLX2, MAB21L1, FNDC4, DHX57, ZNF512, C2orf16, IFT172, LBH, ALK, RBKS, CCDC121, GCKR, HS1BP3, PHOX2A, SLC4A1AP	Bone	8.57E-03	4.43E-01
559	PPP6C, PPP2R4, PPP4C, PPP2R2A, TIPRL, PPME1, CYB5R4, SMEK2, LCMT1, PPP6R3, PPP2R1A, SMEK1, PPP4R2	Skin	8.58E-03	4.40E-01
560	A1CF, ALOX5, ANTXRL, ASAH2, C10orf25, C10orf53, CHAT, DKK1, ERCC6, FAM21C, FAM35A, GPRIN2, LRRC18, MSMB, MTRNR2L5, NPY4R, NUTM2A, OGDHL, PHYHIPL, RET, RTKN2, SGMS1, SLC16A9, SLC18A3, SYT15, TMEM72, ZFAND4, ZNF239, ZNF33B, ZNF32, CXCL12, ZNF22, PTPN20B, AGAP6, UBE2D1, ANK3, ZNF485, ANXA7, AIFM2, RBP3, ANXA8, ANXA8L1, PGBD3, NUTM2B, GDF2, RASGEF1A, AGAP5, OR13A1, ADO, C10orf10, AGAP9, FAM170B	Autonomic ganglia	8.64E-03	4.12E-01
561	PBX2, HDDC2, GATA2, PTPRA, PBX1, SIK3, MEIS2	Endometrium	8.65E-03	4.80E-01
562	RAPGEF4, SCRN3, SP3, HOXD10, SCN3A, FRZB, PDE11A, EDAR	Skin	8.68E-03	4.40E-01
563	SLC1A5, QARS, NXT1, CTNNB1	Kidney	8.78E-03	4.54E-01
564	ORAOV1, ZNF713, RHOU, EGFR	Skin	8.89E-03	4.41E-01
565	ARCN1, COPZ1, COPA, COPB2, COPE, COPG1	Large intestine	8.96E-03	4.55E-01
566	DNTTIP1, GADD45B, MED23, MAP3K4, ELMSAN1, PPM1A, MAP2K3, MAPK14	Large intestine	8.97E-03	4.55E-01
567	RAET1E, GRP, MAP10, SRSF12, RIMKLB	Large intestine	8.98E-03	4.55E-01
568	MRPS36, SERF1A, ARHGEF28, ITGA1, SMIM15, OR13C3	Endometrium	8.99E-03	4.80E-01
569	RHO, C3orf27, IQCB1, ZBTB38, CD96, CSTA, SLC15A2, KY, WDR5B, FBXO40, ARHGAP31, HCLS1, IFT57, KIAA1257, RNF13, TMEM108	Endometrium	9.06E-03	4.80E-01
570	TOMM40, LETM1, GEMIN7, CFAP20, CLASRP, CCDC130	Urinary tract	9.08E-03	4.89E-01
571	TRIM36, OR6K3, C10orf107, FBXW7	Endometrium	9.14E-03	4.80E-01
572	SCG2, ZNF223, LTA, BTC	Urinary tract	9.16E-03	4.89E-01
573	KDM1B, FAM8A1, TBC1D7, KIF13A, CD83, MCUR1, SLC17A4, NEDD9, HIVEP1, TMEM170B, RANBP9, DTNBP1, RNF182	Skin	9.22E-03	4.45E-01
574	F12, FLRT2, DBN1, DMWD	Bone	9.29E-03	4.68E-01
575	C1orf109, MIS18A, TRIAP1, RBBP4, OIP5, TRMT112, HJURP, WDR77, CENPA, PRMT5	Skin	9.32E-03	4.45E-01
576	ZNF780A, CNTNAP5, KRTAP9-4, SPC25	Large intestine	9.37E-03	4.65E-01
577	RAF1, NRAS, NF1, MAPK1, SHOC2, KRAS, PTPN11, SOS1	Kidney	9.40E-03	4.76E-01
578	DEFB125, SLC23A2, TGM3, HSPA12B, RASSF2, SIGLEC1, SMOX, SPEF1, OXT, PTPRA, GNRH2, SDCBP2, TMC2, ADAM33, CDC25B, PDYN, SCRT2, ADRA1D, AP5S1, AVP, C20orf194, LZTS3, MAVS, PRND, RSPO4, SIRPG, TMEM239, C20orf202, SOX12, SIRPB2, SIRPB1, SLC52A3, RAD21L1	Urinary tract	9.41E-03	4.89E-01
579	C12orf60, ERP27, CLEC4D, ART4, KLRG1, HIST4H4, ATF7IP, H2AFJ	Urinary tract	9.47E-03	4.89E-01
580	SGTB, CYP4Z1, ESM1, RGS7BP, CD180, C5orf64, THBS4, RNF180, ERBB2IP, SLCO6A1, TRIM23	Endometrium	9.50E-03	4.80E-01
581	DYRK1A, CCND1, CDK4, AMBRA1, CCND3, CDKN2C, RB1	Bone	9.54E-03	4.68E-01
582	ETV6, UBE2J2, TRIM8, MCL1, RER1, THAP3	Autonomic ganglia	9.59E-03	4.30E-01
583	RALGAPA1, ARHGAP5, COCH, NKX2-1, GZMB, BRMS1L, CFL2, CMTM5, NPAS3, SFTA3, SLC25A21, SSTR1, CLEC14A, DTD2, INSM2, SNX6, PAX9	Autonomic ganglia	9.59E-03	4.30E-01
584	RTEL1, USP37, DSCC1, MMS22L, WDHD1, POLE4, CHTF18, FEN1, TRAIP, ARMC5, POLE3, POLE2, CHTF8, RFC3	Bone	9.62E-03	4.68E-01
585	PPP1R42, GLRA3, OTUD4, CYP2U1, LRP5L	Autonomic ganglia	9.68E-03	4.30E-01
586	ZNHIT1, H2AFZ, ACTR6, KANSL1, ING3, VPS72, ACTL6A, DMAP1, SRCAP, YEATS4, KANSL2, KANSL3, KDM2A, BRD2	Endometrium	9.70E-03	4.80E-01
587	AADAT, GLRA3, RBM46, TMEM144, ADAD1, ETFDH	Autonomic ganglia	9.72E-03	4.30E-01
588	C1orf109, MIS18A, TRIAP1, RBBP4, OIP5, TRMT112, HJURP, WDR77, CENPA, PRMT5	Endometrium	9.76E-03	4.80E-01
589	EIF5, CCNK, SNW1, EIF2B2, NRDE2, WDR25, WARS, YY1, BRF1, GTF2A1, DICER1, DYNC1H1, RBM25, DDX24, CINP, CPSF2, PSMC1	Skin	9.78E-03	4.58E-01
590	TMEM211, CECR1, GSTT2, TSSK2, C22orf39, MIF, MPPE1, DGCR6L, CRYBB2, YPEL1, ARVCF, SLC2A11, RTDR1, CLTCL1, CLDN5, GSTT2B, HIC2, KLHL22, SLC7A4, GUCD1, LRRC75B, VPREB1, ZNF74, DGCR6, TRMT2A, BID, DDTL, CECR6, TXNRD2, SEPT5, USP18, RAB36, SUSD2, SDF2L1, SERPIND1, ADRBK2, UPB1, BCR, ZNF280B, DERL3, LZTR1, ADORA2A, C22orf15, CCDC116, CHCHD10, GAB4, MMP11, PRAME, RGL4, RIMBP3B, THAP7, TPST2, TTC28, TUBA8, XKR3, ZDHHC8, TOP3B, DGCR2, AIFM3, BCL2L13, DRICH1, RIMBP3, VPREB3, GGT1, COMT, E2F6, GGTLC2, GP1BB, P2RX6, TANGO2, CRYBA4, IL17RA	Large intestine	9.94E-03	4.81E-01
591	STC1, LEPROTL1, KIAA1456, PRSS55, PIWIL2, MSR1, SFTPC, NAT1, PHYHIP, KIF13B, DMTN, SORBS3, FUT10, SCARA5, EGR3, SGCZ, DEFB104A, FGF17, USP17L2, ENTPD4, BMP1, CHRNA2, PTK2B, SCARA3, EBF2, FZD3, SARAF, PPP3CC, DOK2, BIN3, STMN4, EPHX2, TNFRSF10A, FAM160B2, NPM2, PNOC, SLC7A2, MYOM2, GFRA2, PEBP4, DEFB103B, ADAM28, TEX15, TNFRSF10D, ADAM7, ADAMDEC1, ADRA1A, C8orf58, CDCA2, CSGALNACT1, DEFB105A, DEFB106A, DEFB4A, DPYSL2, LOXL2, MSRA, PBK, PDLIM2, PRR23D2, RHOBTB2, SGK223, SPAG11B, TNFRSF10B, TNFRSF10C, ZDHHC2, CLU, DEFB107B	Bone	9.94E-03	4.74E-01
592	BCAS3, EFCAB3, CUEDC1, MRC2, PCTP, RNFT1, TBX2, TOM1L1, LIMD2, YPEL2, EPX, GDPD1, LPO, SCPEP1, MPO, C17orf67, MKS1, MTMR4, OR4D1, RSAD1, C17orf82, OR4D2, SEPT4, ANKFN1, RNF43, TEX14, PPM1E, BZRAP1, DGKE, COIL	Autonomic ganglia	1.00E-02	4.30E-01
593	PXYLP1, TAS2R3, USP21, MBNL1	Urinary tract	1.00E-02	4.93E-01
594	ZNF845, IRAK3, CPSF7, RUNDC3B	Autonomic ganglia	1.00E-02	4.30E-01
595	ZNHIT1, H2AFZ, ACTR6, KANSL1, ING3, VPS72, ACTL6A, DMAP1, SRCAP, YEATS4, KANSL2, KANSL3, KDM2A, BRD2	Large intestine	1.01E-02	4.81E-01
596	MPZL3, UPK2, BLID, SCN3B, ETS1, BSX, OR8B8	Bone	1.02E-02	4.77E-01
597	PRR7, FLT4, PRLHR, ERGIC1, FGF18	Urinary tract	1.02E-02	4.93E-01
598	TWIST2, COMMD5, ZNF581, C2orf82, TSPAN4	Endometrium	1.03E-02	4.80E-01
599	FEZF1, THAP2, OR5H15, AKR1B1	Autonomic ganglia	1.03E-02	4.32E-01
600	GLUL, ALKBH8, FNTB, QARS	Urinary tract	1.04E-02	4.93E-01
601	FBXO44, NECAP2, C1orf127, FBXO6, AGMAT, C1orf234, SLC25A34, SPATA21, PINK1	Urinary tract	1.04E-02	4.93E-01
602	RHO, C3orf27, MAATS1, SIDT1, ARGFX, CLDND1, OR5K3, TAGLN3, DRD3, EFCAB12, LSAMP, TMPRSS7, C3orf52, KIAA1257, C3orf36, LNP1	Endometrium	1.05E-02	4.80E-01
603	ZNF653, ICAM1, DNASE2, ZNF69, ICAM3, KLF1, ZNF627, ZNF625, PDE4A, ACP5, MAN2B1, RTBDN, WDR83OS, ZNF121, LPPR2, ADAMTS10, TMEM205, C19orf80, CLEC17A, CNN1, ELAVL3, P2RY11, RAB3D, RAD23A, RGL3, TSPAN16, YIPF2, ZNF441, C19orf66, DAND5, QTRT1, MAST1, STX10, PRDX2, ZNF564, C19orf38, TNPO2, SYCE2, ZNF136	Urinary tract	1.05E-02	4.93E-01
604	ACTL8, LMAN2, PTDSS1, SP5	Bone	1.06E-02	4.87E-01
605	KDM1B, FAM8A1, TBC1D7, KIF13A, CAP2, CD83, SCGN, MCUR1, SLC17A4, NEDD9, TPMT, JARID2, RANBP9, DTNBP1, RNF182	Skin	1.06E-02	4.85E-01
606	A1BG, C19orf18, ISOC2, SMIM17, ZNF132, ZNF324, ZNF324B, ZNF460, ZNF667, ZNF805, ZSCAN18, ZNF543, ZNF587, ZFP28, ZNF211, ZNF264, ZNF17, ZNF417, ZNF304, ZSCAN5B, VN1R1	Endometrium	1.07E-02	4.80E-01
607	HLA-DPB1, AIF1, COL11A2, PBX2, HLA-DRA, GPSM3, ZBTB9, SYNGAP1, LY6G6F	Endometrium	1.07E-02	4.80E-01
608	GABRA1, GABRA6, PDE6A, GABRG2	Autonomic ganglia	1.07E-02	4.44E-01
609	C10orf105, PITX1, PCDH12, AHR	Skin	1.08E-02	4.85E-01
610	ZNHIT1, H2AFZ, ACTR6, KANSL1, ING3, VPS72, ACTL6A, DMAP1, SRCAP, YEATS4, KANSL2, KANSL3, KDM2A, BRD2	Bone	1.09E-02	4.91E-01
611	PITX1, C6orf120, FYTTD1, AHR	Skin	1.10E-02	4.85E-01
612	GABRA1, GABRA6, GABRG2, OR3A2	Autonomic ganglia	1.11E-02	4.44E-01
613	FEZF1, SEMA3A, RGS17, PKIB, RNF133	Autonomic ganglia	1.11E-02	4.44E-01
614	DAZAP1, ALAS1, ALAD, HMBS, UROS, CPOX, FECH, PPOX, UROD	Endometrium	1.11E-02	4.80E-01
615	AHR, AIP, ARNT, STIP1, TIPARP	Skin	1.12E-02	4.85E-01
616	OR8K3, PRRT1, ZNF223, CHRNA3, SLC18B1	Urinary tract	1.12E-02	4.95E-01
617	WRN, RPA3, PCBP1, RPA2, RPA1, RPAIN	Bone	1.13E-02	4.97E-01
618	C1QC, CCDC90B, PARP3, EDNRA, MYRIP	Endometrium	1.13E-02	4.80E-01
619	CDC42EP3, AGBL5, SLC8A1, CIB4, TMEM214, MSH6	Endometrium	1.13E-02	4.80E-01
620	DHX36, POLR2H, PPP1R7, SUGT1, PPP1R2	Skin	1.13E-02	4.85E-01
621	CDC27, COPB1, CDC5L, POLR2L, SUPT6H, SRSF2, SAP30BP	Autonomic ganglia	1.13E-02	4.47E-01
622	NLN, ARPP21, GORASP1, SPINK9, FTL	Bone	1.14E-02	4.97E-01
623	HAND2, PBX2, PHOX2B, HDAC2, SOX11, GATA2, TFAP2B, ISL1, INSM2, MEIS2	Endometrium	1.15E-02	4.80E-01
624	HAP1, CCR7, FKBP10, KRTAP4-8, KRTAP4-4, KRT35, KRTAP2-4, KRT9, KRTAP4-7, KRTAP3-2, KRT19, KRT25, KRT26, KRTAP9-1, KRT15, KRTAP4-2, KRTAP1-5, LEPREL4, KRT28, GAST, KRTAP2-2, KRTAP9-3, KRTAP4-11, KRT33B, KRTAP1-4, KRTAP9-9, KRT20, KRT33A, KRTAP4-9, KRT31, KRTAP29-1, KRTAP9-8, KRT37, KRTAP4-3, KRT24	Autonomic ganglia	1.17E-02	4.52E-01
625	LHX5, BBS12, C5orf52, RPH3A, SV2C, HVCN1	Endometrium	1.17E-02	4.80E-01
626	ST6GALNAC4, XRN1, ZFC3H1, CCDC155	Skin	1.18E-02	4.85E-01
627	MTMR9, PARN, PRMT3, PDCD2L, DNAJC13	Urinary tract	1.18E-02	4.95E-01
628	NPY1R, FAM160A1, TLR2, GLRB, CASP3, MTNR1A, FBXW7, TMEM154	Endometrium	1.19E-02	4.80E-01
629	RAF1, NRAS, NF1, MAPK1, SHOC2, KRAS, PTPN11, SOS1	Skin	1.19E-02	4.85E-01
630	LYPLA1, OPRK1, XKR9, XKR4, CA8, CLVS1, CYP7A1, FAM110B, GGH, HEY1, NPBWR1, TOX, ZFHX4, ADHFE1, CPA6, TRPA1, LY96, ZBTB10, CNGB3, SNTG1, PDE7A, CEBPD, TRAM1, TRIM55, NECAB1, MOS, RAB2A, LACTB2, TTPA, PENK, PRDM14, DNAJC5B, GDAP1, SLCO5A1, KCNB2, SBSPON, C8orf22, LYN, MCMDC2, NKAIN3, PKIA, C8orf44, C8orf46, CHCHD7, CRH, MTFR1, NSMAF, PXDNL, RALYL, RP1, SGK3, SULF1, UBE2V2, UBE2W, SPIDR	Urinary tract	1.19E-02	4.95E-01
631	NXPH3, ZNF526, ITGB3, PRKRIR	Skin	1.20E-02	4.85E-01
632	LYPLA1, OPRK1, XKR9, XKR4, CA8, CLVS1, CYP7A1, FAM110B, GGH, NPBWR1, TOX, ZFHX4, ADHFE1, CPA6, NCOA2, TRPA1, LY96, IMPA1, TMEM68, CNGB3, SNTG1, PDE7A, CEBPD, TRAM1, TRIM55, MOS, RAB2A, LACTB2, CPNE3, TTPA, SLC26A7, PRDM14, DNAJC5B, GDAP1, SLCO5A1, KCNB2, ATP6V0D2, C8orf22, LYN, MCMDC2, NKAIN3, PKIA, C8orf44, CHCHD7, CRH, CSPP1, MTFR1, NSMAF, PMP2, PXDNL, RALYL, RP1, SGK3, SULF1, UBE2V2	Urinary tract	1.20E-02	4.95E-01
633	SIAH2, SIAH1, FBXW7, UBE2K	Endometrium	1.20E-02	4.80E-01
634	A1BG, C19orf18, ISOC2, SHISA7, SMIM17, ZNF132, ZNF324, ZNF324B, ZNF460, ZNF667, ZNF805, ZNF543, ZNF71, NLRP5, ZNF587, ZFP28, ZNF264, ZSCAN1, ZIM3, ZNF417, ZNF304, ZSCAN5B, VN1R1	Endometrium	1.20E-02	4.80E-01
635	IQCA1, SLC4A10, COPS8, LPAR1, COPS5	Urinary tract	1.20E-02	4.95E-01
636	SECISBP2, SEPSECS, GPX4, PSTK, TXNRD1, EEFSEC, SEPHS2	Skin	1.21E-02	4.85E-01
637	CCNT1, SLC38A2, SLC38A1, ASNS, ARRDC3	Urinary tract	1.21E-02	4.95E-01
638	TNR, KLRG2, MICU2, HRG, C2orf54	Endometrium	1.22E-02	4.80E-01
639	CASQ2, CD58, NTNG1, KCNA10, GSTM3, TRIM45, AMPD2, PALMD, C1orf162, RSBN1, SYT6, ZNF697, AKNAD1, CELSR2, CHIA, EPS8L3, FAM19A3, FRRS1, MOV10, PSRC1, RWDD3, SLC6A17, ST7L, PPM1J, SORT1, GSTM4, LRIG2, TSHB, RHOC, BCL2L15, ATXN7L2, CSF1, NRBF2, GNAT2, TMEM167B, WDR47, FAM46C, PTPN22, GNAI3, MAGI3, DENND2C, MYBPHL, OLFML3, FNDC7, TBX15, C1orf194, HIPK1, HENMT1, KCNC4, HMGCS2, TSPAN2, SIKE1, AMPD1, SPAG17, GSTM2, CAPZA1, GPR61, CYB561D1, PHTF1, SYPL2, PIFO, CD101, DRAM2, ADAM30, C1orf137, GPSM2, GSTM5, HAO2, HSD3B1, HSD3B2, NGF, REG4, SLC22A15, UBL4B, VTCN1, CHI3L2, OVGP1, ADORA3, RAP1A, CD2, DENND2D, AMIGO1, AMY1A, AMY2B, CD53, EXTL2, KCND3, PROK1, SLC16A4, VANGL1, FAM212B, PHGDH, ALX3, AMY2A, NBPF6, SYCP1, PTGFRN	Urinary tract	1.23E-02	4.95E-01
640	NHLRC3, PARP4, KCNRG, WASF3, SPATA13, RNF17, GJB2, URAD, ZMYM5, KATNAL1, FGF9, RNF6, N4BP2L2, ZAR1L, IFT88, AMER2, N4BP2L1, C1QTNF9, TUBA3C, UBL3, SACS, B3GALTL, CDADC1, PAN3, POLR1D, CRYL1, C1QTNF9B, ATP12A, SHISA2	Autonomic ganglia	1.23E-02	4.69E-01
641	LYPLA1, OPRK1, XKR9, CA8, CLVS1, CYP7A1, GGH, HEY1, NPBWR1, SNX16, TOX, ZFHX4, ADHFE1, CPA6, TRPA1, LY96, IMPA1, ZBTB10, CNGB3, SNTG1, PDE7A, RAD54B, CEBPD, TRAM1, TRIM55, MOS, LACTB2, TTPA, PRDM14, DNAJC5B, GDAP1, SLCO5A1, KCNB2, C8orf22, LYN, MCMDC2, NKAIN3, PKIA, STMN2, C8orf44, C8orf46, CHCHD7, CHMP4C, CRH, CSPP1, ESRP1, MTFR1, NSMAF, PAG1, PXDNL, RALYL, RP1, SGK3, SULF1, UBE2V2, PI15, UBE2W	Urinary tract	1.24E-02	4.95E-01
642	AADAT, ADAM29, MFAP3L, STOX2, TDO2, CER1	Urinary tract	1.24E-02	4.95E-01
643	DEFB130, ZNF705A, TRIM49D1, KDM4E, TRIM48, DEFB108B	Endometrium	1.24E-02	4.80E-01
644	PLCG1, LPIN3, MAVS, RASA2	Autonomic ganglia	1.25E-02	4.69E-01
645	LYPLA1, OPRK1, XKR9, XKR4, CA8, CLVS1, CYP7A1, FAM110B, GGH, HEY1, NPBWR1, TOX, ZFHX4, ADHFE1, CPA6, TRPA1, C8orf34, LY96, ZBTB10, PCMTD1, TMEM68, CNGB3, SNTG1, PDE7A, EFCAB1, ST18, RAD54B, CEBPD, TRAM1, TRIM55, MOS, RAB2A, LACTB2, TTPA, PENK, SOX17, SDR16C5, PRDM14, DNAJC5B, SLCO5A1, C8orf22, LYN, MCMDC2, NKAIN3, PKIA, C8orf44, CHCHD7, CRH, MTFR1, NSMAF, PXDNL, RP1, SULF1, UBE2V2, UBXN2B, SDCBP, SPIDR	Urinary tract	1.26E-02	4.95E-01
646	SPDL1, DCTN5, DCTN2, ACTR10, DCTN4, VEZT, DCTN6	Autonomic ganglia	1.28E-02	4.73E-01
647	STRC, SQRDL, SERINC4, MAPKBP1, FAM227B, SLC24A5, DLL4, EID1, EXD1, LPCAT4, RASGRP1, TYRO3, STARD9, ELL3, TMEM62, BNIP2, MYZAP, WDR76, DUOXA1, MAP1A, ZNF280D, SPINT1, CGNL1, CAPN3, CYP19A1, DUOX1, FBN1, GANC, PPP1R14D, RPUSD2, FRMD5, PLA2G4D, CCNDBP1, TMCO5A, ADAL, AQP9, BMF, CKMT1B, DUOXA2, EPB42, GLDN, GNB5, JMJD7, PLA2G4F, SHC4, USP50, PLA2G4E, BCL2L10, C15orf53	Endometrium	1.29E-02	4.80E-01
648	TMEM211, CYTH4, PICK1, TSSK2, C22orf39, MIF, MPPE1, DGCR6L, GATSL3, YPEL1, LIF, RFPL3, KLHL22, SLC7A4, GAL3ST1, GUCD1, HORMAD2, LRRC75B, VPREB1, ZNF74, DDTL, TXNRD2, SEPT5, TBC1D10A, SUSD2, SELM, EMID1, NIPSNAP1, SDF2L1, RFPL2, SEC14L6, SGSM1, UPB1, SEC14L4, LZTR1, ADORA2A, ASCC2, C22orf15, CCDC116, CCDC157, HMOX1, KIAA1671, MMP11, OSBP2, PIWIL3, RGL4, RIMBP3B, SEC14L2, THAP7, TPST2, TUBA8, XKR3, ZDHHC8, AIFM3, DRICH1, LIMK2, RIMBP3, GGTLC2, GP1BB, PLA2G3, RNF215, IL17RA	Urinary tract	1.29E-02	4.96E-01
649	ABCB4, ELF2, OTUD4, METTL1	Endometrium	1.29E-02	4.80E-01
650	ALDH1L1, RHO, C3orf27, TXNRD3NB, MAATS1, TAGLN3, DNAJB8, TPRA1, EFCAB12, TMPRSS7, SNX4, RXRA, KIAA1257, NMNAT3, HMCES, GP9, UROC1, CCDC37, QTRTD1, RARG	Endometrium	1.30E-02	4.80E-01
651	OR2V2, BTNL9, CLK4, FLT4, TRIM52, ZFP62, TRIM41	Urinary tract	1.30E-02	4.96E-01
652	BTBD18, CHD1, HNRNPH1, CHMP4B	Endometrium	1.36E-02	4.97E-01
653	ABCA9, MRGBP, WAC, ATXN7L3	Autonomic ganglia	1.37E-02	4.99E-01
654	GABRA1, WIPI1, GABRA6, NPS, GABRG2	Autonomic ganglia	1.39E-02	4.99E-01
